Date,Category1,Category2,Category3,Maker,Sales,Identifier
2010-02-15,Air,Conditioners,null,Toshino,2143.0,RVFWTWSMNU
2010-02-15,Water,Heaters,null,Furutani,567.0,PF4KB33DVZ
2010-02-15,Washers,&,Dryers,Akaza,3515.0,VUQUQMHODG
2010-02-15,Refrigerators,null,null,Akaza,687.0,XVIOZZOUTN
2010-02-15,Washers,&,Dryers,Shimada,435.0,RBRMDIXXGL
2010-02-15,Washers,&,Dryers,Okamoto,475.0,FUFHZH9WRW
2010-02-15,Refrigerators,null,null,Funami,726.0,BIBIOOIHA
2010-02-15,Washers,&,Dryers,Kikuma,1301.0,QFY2WV5LUE
2010-02-15,Washers,&,Dryers,Hayashida,132.0,AHJK2FTTBH
2010-02-15,Refrigerators,null,null,Yoshikawa,4585.0,UG2IU3EFWI
2010-02-15,Refrigerators,null,null,Omuro,4530.0,FUWHINIXUA
2010-02-15,Vacuum,Cleaners,null,Funami,360.0,VEWPPXWTWS
2010-02-15,Air,Conditioners,null,Akaza,1036.0,IVOI4I03JA
2010-02-15,Vacuum,Cleaners,null,Hisami,749.0,VNZSEQOSNP
2010-02-15,Vacuum,Cleaners,null,Akaza,342.0,ZBYVQNRPUP
2010-02-15,Air,Conditioners,null,Funami,756.0,HWQKLKDVSB
2010-02-15,Vacuum,Cleaners,null,Hayashida,134.0,GCPKFKSEWG
2010-02-15,Televisions,null,null,Shimada,129.0,GHOAPVUVYL
2010-02-15,Air,Conditioners,null,Yoshikawa,1754.0,NTMMOBBPEE
2010-02-15,Vacuum,Cleaners,null,Toshino,403.0,NHXJMH55UY
2010-02-15,Televisions,null,null,Okamoto,322.0,HANYALJGGA
2010-02-15,Water,Heaters,null,Sugiura,314.0,UPJKNMIDRB
2010-02-15,Refrigerators,null,null,Shimada,1337.0,SFCA6H6QNU
2010-02-15,Rice,Cookers,null,Akaza,138.0,KSNN8R2CCO
2010-02-15,Rice,Cookers,null,Ikeda,245.0,JYINACMKHE
2010-02-15,Ovens,&,Cooktops,Toshino,3158.0,LFIEXBAPFQ
2010-02-15,Rice,Cookers,null,Furutani,2233.0,ZJZZJNDFOZ
2010-02-15,Ovens,&,Cooktops,Omuro,,HWTFIGIXOL
2010-02-15,Ovens,&,Cooktops,Sugiura,3594.0,LBABGBBMJJ
2010-02-15,Rice,Cookers,null,Funami,1828.0,YPD6CTR0JA
2010-02-15,Ovens,&,Cooktops,Akaza,461.0,PHFB77Q5OA
2010-02-15,Water,Pumps,null,Yoshikawa,1672.0,TLSY3MWMK8
2010-02-15,Ovens,&,Cooktops,Shimada,1824.0,WVJTPVZKAQ
2010-02-15,Ovens,&,Cooktops,Ikeda,317.0,ZTEIJGNYNC
2010-02-15,Dishwashers,null,null,Sugiura,1684.0,KR2Q6QT8PE
2010-02-15,Refrigerators,null,null,Hisami,133.0,MXC7NMNBIW
2010-02-15,Dishwashers,null,null,Nanase,3567.0,AVXSMNNRDX
2010-02-15,Dishwashers,null,null,Katayama,1434.0,ZWNGQMERMH
2010-02-15,Refrigerators,null,null,Nanase,444.0,GQUIAFQIRH
2010-02-15,Water,Pumps,null,Furutani,7781.0,FVDHIZGQRC
2010-02-15,Water,Pumps,null,Funami,13087.0,ZJPMAJIMIT
2010-02-15,Rice,Cookers,null,Toshino,3618.0,ECQPIOYXZO
2010-02-15,Televisions,null,null,Katayama,83.0,VZAQLWEGXU
2010-02-15,Rice,Cookers,null,Matsumoto,425.0,TJLYGOSEBQ
2010-02-16,Vacuum,Cleaners,null,Toshino,400.0,NHXJMH55UY
2010-02-16,Televisions,null,null,Katayama,68.0,VZAQLWEGXU
2010-02-16,Water,Pumps,null,Furutani,7853.0,FVDHIZGQRC
2010-02-16,Vacuum,Cleaners,null,Funami,360.0,VEWPPXWTWS
2010-02-16,Dishwashers,null,null,Katayama,1481.0,ZWNGQMERMH
2010-02-16,Water,Pumps,null,Yoshikawa,1696.0,TLSY3MWMK8
2010-02-16,Vacuum,Cleaners,null,Hayashida,136.0,GCPKFKSEWG
2010-02-16,Ovens,&,Cooktops,Shimada,1855.0,WVJTPVZKAQ
2010-02-16,Washers,&,Dryers,Hayashida,122.0,AHJK2FTTBH
2010-02-16,Air,Conditioners,null,Funami,765.0,HWQKLKDVSB
2010-02-16,Water,Heaters,null,Sugiura,,UPJKNMIDRB
2010-02-16,Rice,Cookers,null,Akaza,133.0,KSNN8R2CCO
2010-02-16,Ovens,&,Cooktops,Sugiura,3695.0,LBABGBBMJJ
2010-02-16,Vacuum,Cleaners,null,Hisami,758.0,VNZSEQOSNP
2010-02-16,Air,Conditioners,null,Yoshikawa,1792.0,NTMMOBBPEE
2010-02-16,Water,Heaters,null,Furutani,580.0,PF4KB33DVZ
2010-02-16,Refrigerators,null,null,Yoshikawa,4709.0,UG2IU3EFWI
2010-02-16,Vacuum,Cleaners,null,Akaza,329.0,ZBYVQNRPUP
2010-02-16,Rice,Cookers,null,Toshino,3736.0,ECQPIOYXZO
2010-02-16,Rice,Cookers,null,Ikeda,259.0,JYINACMKHE
2010-02-16,Washers,&,Dryers,Okamoto,489.0,FUFHZH9WRW
2010-02-16,Refrigerators,null,null,Nanase,446.0,GQUIAFQIRH
2010-02-16,Ovens,&,Cooktops,Ikeda,327.0,ZTEIJGNYNC
2010-02-16,Dishwashers,null,null,Nanase,3751.0,AVXSMNNRDX
2010-02-16,Washers,&,Dryers,Akaza,3556.0,VUQUQMHODG
2010-02-16,Ovens,&,Cooktops,Omuro,31022.0,HWTFIGIXOL
2010-02-16,Ovens,&,Cooktops,Toshino,3238.0,LFIEXBAPFQ
2010-02-16,Refrigerators,null,null,Akaza,687.0,XVIOZZOUTN
2010-02-16,Ovens,&,Cooktops,Akaza,469.0,PHFB77Q5OA
2010-02-16,Refrigerators,null,null,Funami,741.0,BIBIOOIHA
2010-02-16,Washers,&,Dryers,Kikuma,1231.0,QFY2WV5LUE
2010-02-16,Washers,&,Dryers,Shimada,436.0,RBRMDIXXGL
2010-02-16,Refrigerators,null,null,Omuro,4656.0,FUWHINIXUA
2010-02-16,Water,Pumps,null,Funami,13598.0,ZJPMAJIMIT
2010-02-16,Dishwashers,null,null,Sugiura,1765.0,KR2Q6QT8PE
2010-02-16,Air,Conditioners,null,Akaza,1041.0,IVOI4I03JA
2010-02-16,Refrigerators,null,null,Shimada,1350.0,SFCA6H6QNU
2010-02-16,Rice,Cookers,null,Funami,1843.0,YPD6CTR0JA
2010-02-16,Air,Conditioners,null,Toshino,2164.0,RVFWTWSMNU
2010-02-16,Televisions,null,null,Okamoto,316.0,HANYALJGGA
2010-02-16,Refrigerators,null,null,Hisami,132.0,MXC7NMNBIW
2010-02-16,Rice,Cookers,null,Furutani,2269.0,ZJZZJNDFOZ
2010-02-16,Rice,Cookers,null,Matsumoto,427.0,TJLYGOSEBQ
2010-02-16,Televisions,null,null,Shimada,122.0,GHOAPVUVYL
2010-02-17,Rice,Cookers,null,Funami,1907.0,YPD6CTR0JA
2010-02-17,Refrigerators,null,null,Nanase,406.0,GQUIAFQIRH
2010-02-17,Refrigerators,null,null,Hisami,134.0,MXC7NMNBIW
2010-02-17,Rice,Cookers,null,Akaza,143.0,KSNN8R2CCO
2010-02-17,Rice,Cookers,null,Toshino,3811.0,ECQPIOYXZO
2010-02-17,Refrigerators,null,null,Omuro,4817.0,FUWHINIXUA
2010-02-17,Vacuum,Cleaners,null,Akaza,333.0,ZBYVQNRPUP
2010-02-17,Vacuum,Cleaners,null,Toshino,,NHXJMH55UY
2010-02-17,Air,Conditioners,null,Yoshikawa,1761.0,NTMMOBBPEE
2010-02-17,Dishwashers,null,null,Nanase,3840.0,AVXSMNNRDX
2010-02-17,Rice,Cookers,null,Furutani,2300.0,ZJZZJNDFOZ
2010-02-17,Ovens,&,Cooktops,Akaza,490.0,PHFB77Q5OA
2010-02-17,Ovens,&,Cooktops,Toshino,3262.0,LFIEXBAPFQ
2010-02-17,Refrigerators,null,null,Akaza,700.0,XVIOZZOUTN
2010-02-17,Water,Heaters,null,Sugiura,296.0,UPJKNMIDRB
2010-02-17,Air,Conditioners,null,Funami,762.0,HWQKLKDVSB
2010-02-17,Vacuum,Cleaners,null,Hayashida,139.0,GCPKFKSEWG
2010-02-17,Washers,&,Dryers,Shimada,426.0,RBRMDIXXGL
2010-02-17,Rice,Cookers,null,Ikeda,246.0,JYINACMKHE
2010-02-17,Water,Pumps,null,Furutani,7846.0,FVDHIZGQRC
2010-02-17,Refrigerators,null,null,Funami,743.0,BIBIOOIHA
2010-02-17,Washers,&,Dryers,Kikuma,1236.0,QFY2WV5LUE
2010-02-17,Dishwashers,null,null,Sugiura,1786.0,KR2Q6QT8PE
2010-02-17,Air,Conditioners,null,Akaza,1061.0,IVOI4I03JA
2010-02-17,Refrigerators,null,null,Shimada,1341.0,SFCA6H6QNU
2010-02-17,Water,Pumps,null,Funami,13983.0,ZJPMAJIMIT
2010-02-17,Televisions,null,null,Shimada,130.0,GHOAPVUVYL
2010-02-17,Televisions,null,null,Okamoto,307.0,HANYALJGGA
2010-02-17,Washers,&,Dryers,Akaza,3632.0,VUQUQMHODG
2010-02-17,Televisions,null,null,Katayama,69.0,VZAQLWEGXU
2010-02-17,Vacuum,Cleaners,null,Funami,372.0,VEWPPXWTWS
2010-02-17,Dishwashers,null,null,Katayama,1480.0,ZWNGQMERMH
2010-02-17,Ovens,&,Cooktops,Shimada,1857.0,WVJTPVZKAQ
2010-02-17,Washers,&,Dryers,Hayashida,136.0,AHJK2FTTBH
2010-02-17,Washers,&,Dryers,Okamoto,510.0,FUFHZH9WRW
2010-02-17,Water,Heaters,null,Furutani,561.0,PF4KB33DVZ
2010-02-17,Ovens,&,Cooktops,Sugiura,3749.0,LBABGBBMJJ
2010-02-17,Refrigerators,null,null,Yoshikawa,4807.0,UG2IU3EFWI
2010-02-17,Rice,Cookers,null,Matsumoto,419.0,TJLYGOSEBQ
2010-02-17,Ovens,&,Cooktops,Ikeda,323.0,ZTEIJGNYNC
2010-02-17,Water,Pumps,null,Yoshikawa,1677.0,TLSY3MWMK8
2010-02-17,Air,Conditioners,null,Toshino,,RVFWTWSMNU
2010-02-17,Ovens,&,Cooktops,Omuro,31465.0,HWTFIGIXOL
2010-02-17,Vacuum,Cleaners,null,Hisami,753.0,VNZSEQOSNP
2010-02-18,Refrigerators,null,null,Nanase,400.0,GQUIAFQIRH
2010-02-18,Washers,&,Dryers,Kikuma,1204.0,QFY2WV5LUE
2010-02-18,Washers,&,Dryers,Shimada,429.0,RBRMDIXXGL
2010-02-18,Washers,&,Dryers,Okamoto,,FUFHZH9WRW
2010-02-18,Rice,Cookers,null,Ikeda,246.0,JYINACMKHE
2010-02-18,Ovens,&,Cooktops,Akaza,465.0,PHFB77Q5OA
2010-02-18,Refrigerators,null,null,Hisami,138.0,MXC7NMNBIW
2010-02-18,Dishwashers,null,null,Sugiura,1720.0,KR2Q6QT8PE
2010-02-18,Refrigerators,null,null,Funami,724.0,BIBIOOIHA
2010-02-18,Ovens,&,Cooktops,Omuro,30602.0,HWTFIGIXOL
2010-02-18,Refrigerators,null,null,Yoshikawa,,UG2IU3EFWI
2010-02-18,Televisions,null,null,Okamoto,316.0,HANYALJGGA
2010-02-18,Washers,&,Dryers,Akaza,3587.0,VUQUQMHODG
2010-02-18,Ovens,&,Cooktops,Toshino,3220.0,LFIEXBAPFQ
2010-02-18,Televisions,null,null,Katayama,83.0,VZAQLWEGXU
2010-02-18,Vacuum,Cleaners,null,Akaza,331.0,ZBYVQNRPUP
2010-02-18,Vacuum,Cleaners,null,Hayashida,139.0,GCPKFKSEWG
2010-02-18,Rice,Cookers,null,Matsumoto,409.0,TJLYGOSEBQ
2010-02-18,Water,Heaters,null,Furutani,564.0,PF4KB33DVZ
2010-02-18,Washers,&,Dryers,Hayashida,121.0,AHJK2FTTBH
2010-02-18,Air,Conditioners,null,Funami,763.0,HWQKLKDVSB
2010-02-18,Rice,Cookers,null,Akaza,144.0,KSNN8R2CCO
2010-02-18,Air,Conditioners,null,Yoshikawa,1797.0,NTMMOBBPEE
2010-02-18,Water,Pumps,null,Funami,13592.0,ZJPMAJIMIT
2010-02-18,Ovens,&,Cooktops,Shimada,1808.0,WVJTPVZKAQ
2010-02-18,Air,Conditioners,null,Toshino,2214.0,RVFWTWSMNU
2010-02-18,Refrigerators,null,null,Akaza,697.0,XVIOZZOUTN
2010-02-18,Ovens,&,Cooktops,Ikeda,321.0,ZTEIJGNYNC
2010-02-18,Water,Pumps,null,Furutani,7819.0,FVDHIZGQRC
2010-02-18,Vacuum,Cleaners,null,Hisami,756.0,VNZSEQOSNP
2010-02-18,Ovens,&,Cooktops,Sugiura,3693.0,LBABGBBMJJ
2010-02-18,Dishwashers,null,null,Katayama,1434.0,ZWNGQMERMH
2010-02-18,Rice,Cookers,null,Toshino,3799.0,ECQPIOYXZO
2010-02-18,Vacuum,Cleaners,null,Funami,357.0,VEWPPXWTWS
2010-02-18,Dishwashers,null,null,Nanase,3767.0,AVXSMNNRDX
2010-02-18,Water,Heaters,null,Sugiura,304.0,UPJKNMIDRB
2010-02-18,Televisions,null,null,Shimada,127.0,GHOAPVUVYL
2010-02-18,Vacuum,Cleaners,null,Toshino,395.0,NHXJMH55UY
2010-02-18,Refrigerators,null,null,Shimada,1334.0,SFCA6H6QNU
2010-02-18,Air,Conditioners,null,Akaza,1035.0,IVOI4I03JA
2010-02-18,Water,Pumps,null,Yoshikawa,1655.0,TLSY3MWMK8
2010-02-18,Refrigerators,null,null,Omuro,4835.0,FUWHINIXUA
2010-02-18,Rice,Cookers,null,Funami,1894.0,YPD6CTR0JA
2010-02-18,Rice,Cookers,null,Furutani,2253.0,ZJZZJNDFOZ
2010-02-19,Rice,Cookers,null,Toshino,3857.0,ECQPIOYXZO
2010-02-19,Rice,Cookers,null,Akaza,126.0,KSNN8R2CCO
2010-02-19,Televisions,null,null,Okamoto,317.0,HANYALJGGA
2010-02-19,Ovens,&,Cooktops,Akaza,471.0,PHFB77Q5OA
2010-02-19,Dishwashers,null,null,Katayama,1396.0,ZWNGQMERMH
2010-02-19,Televisions,null,null,Shimada,121.0,GHOAPVUVYL
2010-02-19,Water,Heaters,null,Furutani,564.0,PF4KB33DVZ
2010-02-19,Rice,Cookers,null,Furutani,2283.0,ZJZZJNDFOZ
2010-02-19,Air,Conditioners,null,Yoshikawa,1784.0,NTMMOBBPEE
2010-02-19,Dishwashers,null,null,Nanase,3752.0,AVXSMNNRDX
2010-02-19,Vacuum,Cleaners,null,Funami,359.0,VEWPPXWTWS
2010-02-19,Refrigerators,null,null,Omuro,4844.0,FUWHINIXUA
2010-02-19,Ovens,&,Cooktops,Omuro,30008.0,HWTFIGIXOL
2010-02-19,Vacuum,Cleaners,null,Akaza,,ZBYVQNRPUP
2010-02-19,Refrigerators,null,null,Nanase,393.0,GQUIAFQIRH
2010-02-19,Ovens,&,Cooktops,Shimada,1806.0,WVJTPVZKAQ
2010-02-19,Refrigerators,null,null,Funami,729.0,BIBIOOIHA
2010-02-19,Washers,&,Dryers,Okamoto,545.0,FUFHZH9WRW
2010-02-19,Washers,&,Dryers,Hayashida,137.0,AHJK2FTTBH
2010-02-19,Water,Pumps,null,Yoshikawa,1635.0,TLSY3MWMK8
2010-02-19,Rice,Cookers,null,Ikeda,247.0,JYINACMKHE
2010-02-19,Ovens,&,Cooktops,Sugiura,3650.0,LBABGBBMJJ
2010-02-19,Air,Conditioners,null,Funami,748.0,HWQKLKDVSB
2010-02-19,Rice,Cookers,null,Funami,1927.0,YPD6CTR0JA
2010-02-19,Washers,&,Dryers,Kikuma,1178.0,QFY2WV5LUE
2010-02-19,Ovens,&,Cooktops,Ikeda,323.0,ZTEIJGNYNC
2010-02-19,Air,Conditioners,null,Akaza,1009.0,IVOI4I03JA
2010-02-19,Refrigerators,null,null,Yoshikawa,5007.0,UG2IU3EFWI
2010-02-19,Refrigerators,null,null,Akaza,711.0,XVIOZZOUTN
2010-02-19,Air,Conditioners,null,Toshino,2224.0,RVFWTWSMNU
2010-02-19,Dishwashers,null,null,Sugiura,1745.0,KR2Q6QT8PE
2010-02-19,Refrigerators,null,null,Hisami,140.0,MXC7NMNBIW
2010-02-19,Televisions,null,null,Katayama,69.0,VZAQLWEGXU
2010-02-19,Ovens,&,Cooktops,Toshino,3181.0,LFIEXBAPFQ
2010-02-19,Washers,&,Dryers,Shimada,427.0,RBRMDIXXGL
2010-02-19,Water,Pumps,null,Funami,13569.0,ZJPMAJIMIT
2010-02-19,Rice,Cookers,null,Matsumoto,423.0,TJLYGOSEBQ
2010-02-19,Vacuum,Cleaners,null,Hayashida,133.0,GCPKFKSEWG
2010-02-19,Water,Heaters,null,Sugiura,296.0,UPJKNMIDRB
2010-02-19,Vacuum,Cleaners,null,Toshino,390.0,NHXJMH55UY
2010-02-19,Vacuum,Cleaners,null,Hisami,758.0,VNZSEQOSNP
2010-02-19,Washers,&,Dryers,Akaza,3592.0,VUQUQMHODG
2010-02-19,Water,Pumps,null,Furutani,7663.0,FVDHIZGQRC
2010-02-19,Refrigerators,null,null,Shimada,1338.0,SFCA6H6QNU
2010-02-22,Vacuum,Cleaners,null,Hisami,739.0,VNZSEQOSNP
2010-02-22,Ovens,&,Cooktops,Ikeda,323.0,ZTEIJGNYNC
2010-02-22,Washers,&,Dryers,Hayashida,128.0,AHJK2FTTBH
2010-02-22,Refrigerators,null,null,Funami,739.0,BIBIOOIHA
2010-02-22,Dishwashers,null,null,Katayama,,ZWNGQMERMH
2010-02-22,Water,Heaters,null,Furutani,554.0,PF4KB33DVZ
2010-02-22,Ovens,&,Cooktops,Shimada,1819.0,WVJTPVZKAQ
2010-02-22,Ovens,&,Cooktops,Omuro,31138.0,HWTFIGIXOL
2010-02-22,Televisions,null,null,Shimada,133.0,GHOAPVUVYL
2010-02-22,Televisions,null,null,Okamoto,313.0,HANYALJGGA
2010-02-22,Televisions,null,null,Katayama,79.0,VZAQLWEGXU
2010-02-22,Washers,&,Dryers,Akaza,3641.0,VUQUQMHODG
2010-02-22,Washers,&,Dryers,Shimada,430.0,RBRMDIXXGL
2010-02-22,Water,Pumps,null,Funami,,ZJPMAJIMIT
2010-02-22,Refrigerators,null,null,Shimada,1334.0,SFCA6H6QNU
2010-02-22,Dishwashers,null,null,Sugiura,1746.0,KR2Q6QT8PE
2010-02-22,Refrigerators,null,null,Akaza,747.0,XVIOZZOUTN
2010-02-22,Air,Conditioners,null,Akaza,1033.0,IVOI4I03JA
2010-02-22,Washers,&,Dryers,Kikuma,1109.0,QFY2WV5LUE
2010-02-22,Ovens,&,Cooktops,Sugiura,3665.0,LBABGBBMJJ
2010-02-22,Vacuum,Cleaners,null,Funami,358.0,VEWPPXWTWS
2010-02-22,Refrigerators,null,null,Omuro,5010.0,FUWHINIXUA
2010-02-22,Rice,Cookers,null,Toshino,3872.0,ECQPIOYXZO
2010-02-22,Vacuum,Cleaners,null,Akaza,341.0,ZBYVQNRPUP
2010-02-22,Vacuum,Cleaners,null,Hayashida,131.0,GCPKFKSEWG
2010-02-22,Refrigerators,null,null,Yoshikawa,5047.0,UG2IU3EFWI
2010-02-22,Vacuum,Cleaners,null,Toshino,390.0,NHXJMH55UY
2010-02-22,Dishwashers,null,null,Nanase,3793.0,AVXSMNNRDX
2010-02-22,Air,Conditioners,null,Toshino,2226.0,RVFWTWSMNU
2010-02-22,Rice,Cookers,null,Furutani,2224.0,ZJZZJNDFOZ
2010-02-22,Ovens,&,Cooktops,Toshino,3186.0,LFIEXBAPFQ
2010-02-22,Rice,Cookers,null,Funami,1929.0,YPD6CTR0JA
2010-02-22,Rice,Cookers,null,Ikeda,255.0,JYINACMKHE
2010-02-22,Rice,Cookers,null,Akaza,122.0,KSNN8R2CCO
2010-02-22,Air,Conditioners,null,Funami,748.0,HWQKLKDVSB
2010-02-22,Ovens,&,Cooktops,Akaza,466.0,PHFB77Q5OA
2010-02-22,Refrigerators,null,null,Nanase,397.0,GQUIAFQIRH
2010-02-22,Washers,&,Dryers,Okamoto,536.0,FUFHZH9WRW
2010-02-22,Water,Pumps,null,Yoshikawa,1696.0,TLSY3MWMK8
2010-02-22,Water,Pumps,null,Furutani,7580.0,FVDHIZGQRC
2010-02-22,Water,Heaters,null,Sugiura,314.0,UPJKNMIDRB
2010-02-22,Rice,Cookers,null,Matsumoto,410.0,TJLYGOSEBQ
2010-02-22,Refrigerators,null,null,Hisami,137.0,MXC7NMNBIW
2010-02-22,Air,Conditioners,null,Yoshikawa,1776.0,NTMMOBBPEE
2010-02-23,Water,Heaters,null,Sugiura,314.0,UPJKNMIDRB
2010-02-23,Dishwashers,null,null,Sugiura,1755.0,KR2Q6QT8PE
2010-02-23,Rice,Cookers,null,Toshino,3932.0,ECQPIOYXZO
2010-02-23,Rice,Cookers,null,Funami,1961.0,YPD6CTR0JA
2010-02-23,Ovens,&,Cooktops,Toshino,3211.0,LFIEXBAPFQ
2010-02-23,Rice,Cookers,null,Furutani,2288.0,ZJZZJNDFOZ
2010-02-23,Ovens,&,Cooktops,Omuro,31759.0,HWTFIGIXOL
2010-02-23,Washers,&,Dryers,Kikuma,1092.0,QFY2WV5LUE
2010-02-23,Air,Conditioners,null,Akaza,1031.0,IVOI4I03JA
2010-02-23,Televisions,null,null,Katayama,70.0,VZAQLWEGXU
2010-02-23,Refrigerators,null,null,Akaza,734.0,XVIOZZOUTN
2010-02-23,Washers,&,Dryers,Okamoto,556.0,FUFHZH9WRW
2010-02-23,Ovens,&,Cooktops,Akaza,485.0,PHFB77Q5OA
2010-02-23,Dishwashers,null,null,Katayama,1436.0,ZWNGQMERMH
2010-02-23,Washers,&,Dryers,Shimada,418.0,RBRMDIXXGL
2010-02-23,Refrigerators,null,null,Hisami,124.0,MXC7NMNBIW
2010-02-23,Refrigerators,null,null,Funami,729.0,BIBIOOIHA
2010-02-23,Vacuum,Cleaners,null,Hayashida,135.0,GCPKFKSEWG
2010-02-23,Water,Pumps,null,Funami,13600.0,ZJPMAJIMIT
2010-02-23,Refrigerators,null,null,Omuro,4950.0,FUWHINIXUA
2010-02-23,Washers,&,Dryers,Akaza,,VUQUQMHODG
2010-02-23,Vacuum,Cleaners,null,Hisami,737.0,VNZSEQOSNP
2010-02-23,Rice,Cookers,null,Matsumoto,407.0,TJLYGOSEBQ
2010-02-23,Refrigerators,null,null,Nanase,390.0,GQUIAFQIRH
2010-02-23,Air,Conditioners,null,Toshino,2243.0,RVFWTWSMNU
2010-02-23,Washers,&,Dryers,Hayashida,131.0,AHJK2FTTBH
2010-02-23,Water,Pumps,null,Furutani,7661.0,FVDHIZGQRC
2010-02-23,Televisions,null,null,Shimada,124.0,GHOAPVUVYL
2010-02-23,Ovens,&,Cooktops,Sugiura,3703.0,LBABGBBMJJ
2010-02-23,Rice,Cookers,null,Ikeda,258.0,JYINACMKHE
2010-02-23,Ovens,&,Cooktops,Ikeda,326.0,ZTEIJGNYNC
2010-02-23,Dishwashers,null,null,Nanase,3880.0,AVXSMNNRDX
2010-02-23,Refrigerators,null,null,Yoshikawa,5007.0,UG2IU3EFWI
2010-02-23,Ovens,&,Cooktops,Shimada,1848.0,WVJTPVZKAQ
2010-02-23,Water,Heaters,null,Furutani,552.0,PF4KB33DVZ
2010-02-23,Vacuum,Cleaners,null,Toshino,389.0,NHXJMH55UY
2010-02-23,Televisions,null,null,Okamoto,323.0,HANYALJGGA
2010-02-23,Air,Conditioners,null,Funami,,HWQKLKDVSB
2010-02-23,Refrigerators,null,null,Shimada,1339.0,SFCA6H6QNU
2010-02-23,Rice,Cookers,null,Akaza,137.0,KSNN8R2CCO
2010-02-23,Air,Conditioners,null,Yoshikawa,1768.0,NTMMOBBPEE
2010-02-23,Water,Pumps,null,Yoshikawa,1784.0,TLSY3MWMK8
2010-02-23,Vacuum,Cleaners,null,Funami,363.0,VEWPPXWTWS
2010-02-23,Vacuum,Cleaners,null,Akaza,351.0,ZBYVQNRPUP
2010-02-24,Ovens,&,Cooktops,Omuro,31335.0,HWTFIGIXOL
2010-02-24,Televisions,null,null,Shimada,118.0,GHOAPVUVYL
2010-02-24,Rice,Cookers,null,Toshino,3885.0,ECQPIOYXZO
2010-02-24,Rice,Cookers,null,Akaza,124.0,KSNN8R2CCO
2010-02-24,Ovens,&,Cooktops,Ikeda,316.0,ZTEIJGNYNC
2010-02-24,Washers,&,Dryers,Shimada,417.0,RBRMDIXXGL
2010-02-24,Water,Pumps,null,Funami,13630.0,ZJPMAJIMIT
2010-02-24,Rice,Cookers,null,Furutani,2320.0,ZJZZJNDFOZ
2010-02-24,Televisions,null,null,Katayama,80.0,VZAQLWEGXU
2010-02-24,Vacuum,Cleaners,null,Akaza,340.0,ZBYVQNRPUP
2010-02-24,Washers,&,Dryers,Okamoto,589.0,FUFHZH9WRW
2010-02-24,Refrigerators,null,null,Funami,746.0,BIBIOOIHA
2010-02-24,Refrigerators,null,null,Yoshikawa,4846.0,UG2IU3EFWI
2010-02-24,Air,Conditioners,null,Yoshikawa,1797.0,NTMMOBBPEE
2010-02-24,Air,Conditioners,null,Funami,728.0,HWQKLKDVSB
2010-02-24,Ovens,&,Cooktops,Toshino,3193.0,LFIEXBAPFQ
2010-02-24,Vacuum,Cleaners,null,Hayashida,,GCPKFKSEWG
2010-02-24,Ovens,&,Cooktops,Akaza,478.0,PHFB77Q5OA
2010-02-24,Refrigerators,null,null,Hisami,131.0,MXC7NMNBIW
2010-02-24,Refrigerators,null,null,Omuro,5032.0,FUWHINIXUA
2010-02-24,Air,Conditioners,null,Toshino,,RVFWTWSMNU
2010-02-24,Rice,Cookers,null,Funami,1933.0,YPD6CTR0JA
2010-02-24,Water,Heaters,null,Sugiura,300.0,UPJKNMIDRB
2010-02-24,Vacuum,Cleaners,null,Toshino,385.0,NHXJMH55UY
2010-02-24,Dishwashers,null,null,Nanase,3793.0,AVXSMNNRDX
2010-02-24,Water,Pumps,null,Furutani,7578.0,FVDHIZGQRC
2010-02-24,Water,Pumps,null,Yoshikawa,1807.0,TLSY3MWMK8
2010-02-24,Vacuum,Cleaners,null,Hisami,,VNZSEQOSNP
2010-02-24,Ovens,&,Cooktops,Sugiura,3696.0,LBABGBBMJJ
2010-02-24,Vacuum,Cleaners,null,Funami,357.0,VEWPPXWTWS
2010-02-24,Refrigerators,null,null,Shimada,1341.0,SFCA6H6QNU
2010-02-24,Air,Conditioners,null,Akaza,1021.0,IVOI4I03JA
2010-02-24,Dishwashers,null,null,Katayama,1441.0,ZWNGQMERMH
2010-02-24,Rice,Cookers,null,Matsumoto,399.0,TJLYGOSEBQ
2010-02-24,Rice,Cookers,null,Ikeda,242.0,JYINACMKHE
2010-02-24,Refrigerators,null,null,Nanase,413.0,GQUIAFQIRH
2010-02-24,Washers,&,Dryers,Kikuma,,QFY2WV5LUE
2010-02-24,Ovens,&,Cooktops,Shimada,1851.0,WVJTPVZKAQ
2010-02-24,Washers,&,Dryers,Hayashida,131.0,AHJK2FTTBH
2010-02-24,Televisions,null,null,Okamoto,316.0,HANYALJGGA
2010-02-24,Dishwashers,null,null,Sugiura,1735.0,KR2Q6QT8PE
2010-02-24,Refrigerators,null,null,Akaza,741.0,XVIOZZOUTN
2010-02-24,Washers,&,Dryers,Akaza,3666.0,VUQUQMHODG
2010-02-24,Water,Heaters,null,Furutani,550.0,PF4KB33DVZ
2010-02-25,Washers,&,Dryers,Hayashida,128.0,AHJK2FTTBH
2010-02-25,Dishwashers,null,null,Nanase,3782.0,AVXSMNNRDX
2010-02-25,Dishwashers,null,null,Sugiura,1749.0,KR2Q6QT8PE
2010-02-25,Water,Heaters,null,Sugiura,301.0,UPJKNMIDRB
2010-02-25,Rice,Cookers,null,Toshino,3801.0,ECQPIOYXZO
2010-02-25,Televisions,null,null,Shimada,114.0,GHOAPVUVYL
2010-02-25,Washers,&,Dryers,Akaza,3640.0,VUQUQMHODG
2010-02-25,Vacuum,Cleaners,null,Toshino,373.0,NHXJMH55UY
2010-02-25,Water,Pumps,null,Furutani,7605.0,FVDHIZGQRC
2010-02-25,Vacuum,Cleaners,null,Hisami,,VNZSEQOSNP
2010-02-25,Washers,&,Dryers,Kikuma,1009.0,QFY2WV5LUE
2010-02-25,Ovens,&,Cooktops,Omuro,31614.0,HWTFIGIXOL
2010-02-25,Ovens,&,Cooktops,Sugiura,3622.0,LBABGBBMJJ
2010-02-25,Refrigerators,null,null,Akaza,718.0,XVIOZZOUTN
2010-02-25,Vacuum,Cleaners,null,Funami,355.0,VEWPPXWTWS
2010-02-25,Refrigerators,null,null,Shimada,1348.0,SFCA6H6QNU
2010-02-25,Ovens,&,Cooktops,Ikeda,316.0,ZTEIJGNYNC
2010-02-25,Televisions,null,null,Katayama,71.0,VZAQLWEGXU
2010-02-25,Washers,&,Dryers,Shimada,434.0,RBRMDIXXGL
2010-02-25,Air,Conditioners,null,Akaza,1017.0,IVOI4I03JA
2010-02-25,Dishwashers,null,null,Katayama,1445.0,ZWNGQMERMH
2010-02-25,Water,Pumps,null,Yoshikawa,1760.0,TLSY3MWMK8
2010-02-25,Refrigerators,null,null,Omuro,4886.0,FUWHINIXUA
2010-02-25,Rice,Cookers,null,Funami,1909.0,YPD6CTR0JA
2010-02-25,Refrigerators,null,null,Hisami,120.0,MXC7NMNBIW
2010-02-25,Refrigerators,null,null,Nanase,404.0,GQUIAFQIRH
2010-02-25,Rice,Cookers,null,Ikeda,236.0,JYINACMKHE
2010-02-25,Ovens,&,Cooktops,Shimada,1826.0,WVJTPVZKAQ
2010-02-25,Rice,Cookers,null,Matsumoto,395.0,TJLYGOSEBQ
2010-02-25,Refrigerators,null,null,Yoshikawa,4838.0,UG2IU3EFWI
2010-02-25,Vacuum,Cleaners,null,Akaza,338.0,ZBYVQNRPUP
2010-02-25,Rice,Cookers,null,Akaza,132.0,KSNN8R2CCO
2010-02-25,Air,Conditioners,null,Yoshikawa,1759.0,NTMMOBBPEE
2010-02-25,Air,Conditioners,null,Funami,705.0,HWQKLKDVSB
2010-02-25,Water,Heaters,null,Furutani,556.0,PF4KB33DVZ
2010-02-25,Water,Pumps,null,Funami,13703.0,ZJPMAJIMIT
2010-02-25,Rice,Cookers,null,Furutani,,ZJZZJNDFOZ
2010-02-25,Ovens,&,Cooktops,Toshino,3120.0,LFIEXBAPFQ
2010-02-25,Vacuum,Cleaners,null,Hayashida,136.0,GCPKFKSEWG
2010-02-25,Air,Conditioners,null,Toshino,2220.0,RVFWTWSMNU
2010-02-25,Televisions,null,null,Okamoto,302.0,HANYALJGGA
2010-02-25,Washers,&,Dryers,Okamoto,569.0,FUFHZH9WRW
2010-02-25,Ovens,&,Cooktops,Akaza,471.0,PHFB77Q5OA
2010-02-25,Refrigerators,null,null,Funami,747.0,BIBIOOIHA
2010-03-01,Dishwashers,null,null,Katayama,1445.0,ZWNGQMERMH
2010-03-01,Televisions,null,null,Katayama,73.0,VZAQLWEGXU
2010-03-01,Washers,&,Dryers,Akaza,3668.0,VUQUQMHODG
2010-03-01,Water,Heaters,null,Sugiura,316.0,UPJKNMIDRB
2010-03-01,Rice,Cookers,null,Matsumoto,,TJLYGOSEBQ
2010-03-01,Rice,Cookers,null,Akaza,121.0,KSNN8R2CCO
2010-03-01,Ovens,&,Cooktops,Ikeda,312.0,ZTEIJGNYNC
2010-03-01,Rice,Cookers,null,Furutani,2308.0,ZJZZJNDFOZ
2010-03-01,Refrigerators,null,null,Yoshikawa,4997.0,UG2IU3EFWI
2010-03-01,Air,Conditioners,null,Funami,727.0,HWQKLKDVSB
2010-03-01,Refrigerators,null,null,Hisami,110.0,MXC7NMNBIW
2010-03-01,Dishwashers,null,null,Sugiura,1757.0,KR2Q6QT8PE
2010-03-01,Vacuum,Cleaners,null,Hayashida,139.0,GCPKFKSEWG
2010-03-01,Refrigerators,null,null,Akaza,706.0,XVIOZZOUTN
2010-03-01,Water,Heaters,null,Furutani,541.0,PF4KB33DVZ
2010-03-01,Water,Pumps,null,Yoshikawa,1795.0,TLSY3MWMK8
2010-03-01,Dishwashers,null,null,Nanase,3873.0,AVXSMNNRDX
2010-03-01,Refrigerators,null,null,Shimada,1342.0,SFCA6H6QNU
2010-03-01,Televisions,null,null,Shimada,116.0,GHOAPVUVYL
2010-03-01,Air,Conditioners,null,Akaza,1000.0,IVOI4I03JA
2010-03-01,Rice,Cookers,null,Ikeda,247.0,JYINACMKHE
2010-03-01,Ovens,&,Cooktops,Akaza,470.0,PHFB77Q5OA
2010-03-01,Ovens,&,Cooktops,Toshino,3161.0,LFIEXBAPFQ
2010-03-01,Washers,&,Dryers,Okamoto,602.0,FUFHZH9WRW
2010-03-01,Air,Conditioners,null,Yoshikawa,1750.0,NTMMOBBPEE
2010-03-01,Washers,&,Dryers,Shimada,427.0,RBRMDIXXGL
2010-03-01,Refrigerators,null,null,Nanase,394.0,GQUIAFQIRH
2010-03-01,Refrigerators,null,null,Omuro,4822.0,FUWHINIXUA
2010-03-01,Washers,&,Dryers,Hayashida,133.0,AHJK2FTTBH
2010-03-01,Ovens,&,Cooktops,Shimada,1840.0,WVJTPVZKAQ
2010-03-01,Vacuum,Cleaners,null,Akaza,341.0,ZBYVQNRPUP
2010-03-01,Televisions,null,null,Okamoto,311.0,HANYALJGGA
2010-03-01,Washers,&,Dryers,Kikuma,997.0,QFY2WV5LUE
2010-03-01,Ovens,&,Cooktops,Omuro,32135.0,HWTFIGIXOL
2010-03-01,Refrigerators,null,null,Funami,735.0,BIBIOOIHA
2010-03-01,Air,Conditioners,null,Toshino,2216.0,RVFWTWSMNU
2010-03-01,Rice,Cookers,null,Funami,1887.0,YPD6CTR0JA
2010-03-01,Water,Pumps,null,Funami,13574.0,ZJPMAJIMIT
2010-03-01,Rice,Cookers,null,Toshino,3773.0,ECQPIOYXZO
2010-03-01,Vacuum,Cleaners,null,Toshino,378.0,NHXJMH55UY
2010-03-01,Ovens,&,Cooktops,Sugiura,3754.0,LBABGBBMJJ
2010-03-01,Water,Pumps,null,Furutani,7610.0,FVDHIZGQRC
2010-03-01,Vacuum,Cleaners,null,Funami,360.0,VEWPPXWTWS
2010-03-01,Vacuum,Cleaners,null,Hisami,557.0,VNZSEQOSNP
2010-03-02,Ovens,&,Cooktops,Shimada,1825.0,WVJTPVZKAQ
2010-03-02,Ovens,&,Cooktops,Sugiura,3807.0,LBABGBBMJJ
2010-03-02,Water,Heaters,null,Furutani,546.0,PF4KB33DVZ
2010-03-02,Televisions,null,null,Okamoto,318.0,HANYALJGGA
2010-03-02,Rice,Cookers,null,Funami,1877.0,YPD6CTR0JA
2010-03-02,Washers,&,Dryers,Kikuma,1003.0,QFY2WV5LUE
2010-03-02,Refrigerators,null,null,Akaza,706.0,XVIOZZOUTN
2010-03-02,Refrigerators,null,null,Shimada,1342.0,SFCA6H6QNU
2010-03-02,Ovens,&,Cooktops,Omuro,31903.0,HWTFIGIXOL
2010-03-02,Vacuum,Cleaners,null,Funami,373.0,VEWPPXWTWS
2010-03-02,Dishwashers,null,null,Katayama,1448.0,ZWNGQMERMH
2010-03-02,Refrigerators,null,null,Funami,778.0,BIBIOOIHA
2010-03-02,Washers,&,Dryers,Akaza,3599.0,VUQUQMHODG
2010-03-02,Dishwashers,null,null,Sugiura,1754.0,KR2Q6QT8PE
2010-03-02,Washers,&,Dryers,Hayashida,124.0,AHJK2FTTBH
2010-03-02,Refrigerators,null,null,Nanase,398.0,GQUIAFQIRH
2010-03-02,Refrigerators,null,null,Omuro,4903.0,FUWHINIXUA
2010-03-02,Vacuum,Cleaners,null,Toshino,393.0,NHXJMH55UY
2010-03-02,Refrigerators,null,null,Hisami,113.0,MXC7NMNBIW
2010-03-02,Vacuum,Cleaners,null,Hayashida,133.0,GCPKFKSEWG
2010-03-02,Ovens,&,Cooktops,Akaza,481.0,PHFB77Q5OA
2010-03-02,Water,Pumps,null,Furutani,7672.0,FVDHIZGQRC
2010-03-02,Ovens,&,Cooktops,Toshino,3138.0,LFIEXBAPFQ
2010-03-02,Dishwashers,null,null,Nanase,3872.0,AVXSMNNRDX
2010-03-02,Televisions,null,null,Katayama,,VZAQLWEGXU
2010-03-02,Air,Conditioners,null,Funami,723.0,HWQKLKDVSB
2010-03-02,Refrigerators,null,null,Yoshikawa,5003.0,UG2IU3EFWI
2010-03-02,Water,Pumps,null,Yoshikawa,1812.0,TLSY3MWMK8
2010-03-02,Rice,Cookers,null,Matsumoto,407.0,TJLYGOSEBQ
2010-03-02,Rice,Cookers,null,Ikeda,254.0,JYINACMKHE
2010-03-02,Vacuum,Cleaners,null,Hisami,575.0,VNZSEQOSNP
2010-03-02,Water,Heaters,null,Sugiura,316.0,UPJKNMIDRB
2010-03-02,Air,Conditioners,null,Yoshikawa,1761.0,NTMMOBBPEE
2010-03-02,Washers,&,Dryers,Shimada,422.0,RBRMDIXXGL
2010-03-02,Rice,Cookers,null,Toshino,3785.0,ECQPIOYXZO
2010-03-02,Air,Conditioners,null,Akaza,1000.0,IVOI4I03JA
2010-03-02,Rice,Cookers,null,Furutani,2315.0,ZJZZJNDFOZ
2010-03-02,Ovens,&,Cooktops,Ikeda,319.0,ZTEIJGNYNC
2010-03-02,Water,Pumps,null,Funami,13383.0,ZJPMAJIMIT
2010-03-02,Vacuum,Cleaners,null,Akaza,343.0,ZBYVQNRPUP
2010-03-02,Washers,&,Dryers,Okamoto,602.0,FUFHZH9WRW
2010-03-02,Air,Conditioners,null,Toshino,2211.0,RVFWTWSMNU
2010-03-02,Rice,Cookers,null,Akaza,129.0,KSNN8R2CCO
2010-03-02,Televisions,null,null,Shimada,114.0,GHOAPVUVYL
2010-03-03,Water,Heaters,null,Furutani,540.0,PF4KB33DVZ
2010-03-03,Washers,&,Dryers,Okamoto,580.0,FUFHZH9WRW
2010-03-03,Vacuum,Cleaners,null,Funami,376.0,VEWPPXWTWS
2010-03-03,Refrigerators,null,null,Yoshikawa,5006.0,UG2IU3EFWI
2010-03-03,Vacuum,Cleaners,null,Hisami,575.0,VNZSEQOSNP
2010-03-03,Air,Conditioners,null,Funami,746.0,HWQKLKDVSB
2010-03-03,Rice,Cookers,null,Matsumoto,410.0,TJLYGOSEBQ
2010-03-03,Rice,Cookers,null,Ikeda,248.0,JYINACMKHE
2010-03-03,Rice,Cookers,null,Akaza,129.0,KSNN8R2CCO
2010-03-03,Refrigerators,null,null,Nanase,391.0,GQUIAFQIRH
2010-03-03,Washers,&,Dryers,Hayashida,123.0,AHJK2FTTBH
2010-03-03,Vacuum,Cleaners,null,Akaza,,ZBYVQNRPUP
2010-03-03,Ovens,&,Cooktops,Shimada,1832.0,WVJTPVZKAQ
2010-03-03,Rice,Cookers,null,Furutani,2265.0,ZJZZJNDFOZ
2010-03-03,Ovens,&,Cooktops,Toshino,3148.0,LFIEXBAPFQ
2010-03-03,Televisions,null,null,Okamoto,306.0,HANYALJGGA
2010-03-03,Televisions,null,null,Shimada,132.0,GHOAPVUVYL
2010-03-03,Water,Pumps,null,Yoshikawa,1823.0,TLSY3MWMK8
2010-03-03,Air,Conditioners,null,Toshino,2177.0,RVFWTWSMNU
2010-03-03,Dishwashers,null,null,Nanase,3916.0,AVXSMNNRDX
2010-03-03,Water,Pumps,null,Furutani,7467.0,FVDHIZGQRC
2010-03-03,Vacuum,Cleaners,null,Toshino,381.0,NHXJMH55UY
2010-03-03,Rice,Cookers,null,Toshino,3780.0,ECQPIOYXZO
2010-03-03,Air,Conditioners,null,Yoshikawa,1782.0,NTMMOBBPEE
2010-03-03,Ovens,&,Cooktops,Sugiura,3782.0,LBABGBBMJJ
2010-03-03,Ovens,&,Cooktops,Ikeda,319.0,ZTEIJGNYNC
2010-03-03,Water,Heaters,null,Sugiura,319.0,UPJKNMIDRB
2010-03-03,Refrigerators,null,null,Omuro,4827.0,FUWHINIXUA
2010-03-03,Refrigerators,null,null,Hisami,119.0,MXC7NMNBIW
2010-03-03,Vacuum,Cleaners,null,Hayashida,134.0,GCPKFKSEWG
2010-03-03,Ovens,&,Cooktops,Akaza,479.0,PHFB77Q5OA
2010-03-03,Refrigerators,null,null,Shimada,1361.0,SFCA6H6QNU
2010-03-03,Rice,Cookers,null,Funami,1923.0,YPD6CTR0JA
2010-03-03,Washers,&,Dryers,Akaza,3617.0,VUQUQMHODG
2010-03-03,Water,Pumps,null,Funami,13484.0,ZJPMAJIMIT
2010-03-03,Ovens,&,Cooktops,Omuro,31611.0,HWTFIGIXOL
2010-03-03,Dishwashers,null,null,Katayama,1427.0,ZWNGQMERMH
2010-03-03,Refrigerators,null,null,Akaza,730.0,XVIOZZOUTN
2010-03-03,Washers,&,Dryers,Kikuma,1003.0,QFY2WV5LUE
2010-03-03,Dishwashers,null,null,Sugiura,1759.0,KR2Q6QT8PE
2010-03-03,Air,Conditioners,null,Akaza,982.0,IVOI4I03JA
2010-03-03,Televisions,null,null,Katayama,73.0,VZAQLWEGXU
2010-03-03,Refrigerators,null,null,Funami,806.0,BIBIOOIHA
2010-03-03,Washers,&,Dryers,Shimada,426.0,RBRMDIXXGL
2010-03-04,Rice,Cookers,null,Ikeda,236.0,JYINACMKHE
2010-03-04,Washers,&,Dryers,Kikuma,990.0,QFY2WV5LUE
2010-03-04,Refrigerators,null,null,Omuro,4929.0,FUWHINIXUA
2010-03-04,Rice,Cookers,null,Matsumoto,,TJLYGOSEBQ
2010-03-04,Ovens,&,Cooktops,Ikeda,319.0,ZTEIJGNYNC
2010-03-04,Ovens,&,Cooktops,Sugiura,3729.0,LBABGBBMJJ
2010-03-04,Water,Heaters,null,Sugiura,310.0,UPJKNMIDRB
2010-03-04,Air,Conditioners,null,Funami,718.0,HWQKLKDVSB
2010-03-04,Rice,Cookers,null,Toshino,3757.0,ECQPIOYXZO
2010-03-04,Washers,&,Dryers,Akaza,3583.0,VUQUQMHODG
2010-03-04,Washers,&,Dryers,Okamoto,,FUFHZH9WRW
2010-03-04,Refrigerators,null,null,Hisami,110.0,MXC7NMNBIW
2010-03-04,Refrigerators,null,null,Yoshikawa,4942.0,UG2IU3EFWI
2010-03-04,Air,Conditioners,null,Toshino,2204.0,RVFWTWSMNU
2010-03-04,Refrigerators,null,null,Shimada,1361.0,SFCA6H6QNU
2010-03-04,Air,Conditioners,null,Yoshikawa,1750.0,NTMMOBBPEE
2010-03-04,Vacuum,Cleaners,null,Hayashida,136.0,GCPKFKSEWG
2010-03-04,Ovens,&,Cooktops,Omuro,32068.0,HWTFIGIXOL
2010-03-04,Refrigerators,null,null,Akaza,725.0,XVIOZZOUTN
2010-03-04,Washers,&,Dryers,Shimada,427.0,RBRMDIXXGL
2010-03-04,Ovens,&,Cooktops,Toshino,3094.0,LFIEXBAPFQ
2010-03-04,Ovens,&,Cooktops,Akaza,,PHFB77Q5OA
2010-03-04,Vacuum,Cleaners,null,Funami,368.0,VEWPPXWTWS
2010-03-04,Air,Conditioners,null,Akaza,,IVOI4I03JA
2010-03-04,Rice,Cookers,null,Furutani,2284.0,ZJZZJNDFOZ
2010-03-04,Water,Heaters,null,Furutani,552.0,PF4KB33DVZ
2010-03-04,Dishwashers,null,null,Nanase,4030.0,AVXSMNNRDX
2010-03-04,Televisions,null,null,Shimada,126.0,GHOAPVUVYL
2010-03-04,Refrigerators,null,null,Nanase,410.0,GQUIAFQIRH
2010-03-04,Water,Pumps,null,Yoshikawa,1818.0,TLSY3MWMK8
2010-03-04,Televisions,null,null,Katayama,,VZAQLWEGXU
2010-03-04,Ovens,&,Cooktops,Shimada,1835.0,WVJTPVZKAQ
2010-03-04,Dishwashers,null,null,Sugiura,1808.0,KR2Q6QT8PE
2010-03-04,Water,Pumps,null,Furutani,7444.0,FVDHIZGQRC
2010-03-04,Vacuum,Cleaners,null,Akaza,351.0,ZBYVQNRPUP
2010-03-04,Refrigerators,null,null,Funami,808.0,BIBIOOIHA
2010-03-04,Water,Pumps,null,Funami,13210.0,ZJPMAJIMIT
2010-03-04,Vacuum,Cleaners,null,Toshino,403.0,NHXJMH55UY
2010-03-04,Washers,&,Dryers,Hayashida,129.0,AHJK2FTTBH
2010-03-04,Dishwashers,null,null,Katayama,1473.0,ZWNGQMERMH
2010-03-04,Rice,Cookers,null,Akaza,134.0,KSNN8R2CCO
2010-03-04,Vacuum,Cleaners,null,Hisami,567.0,VNZSEQOSNP
2010-03-04,Rice,Cookers,null,Funami,1888.0,YPD6CTR0JA
2010-03-04,Televisions,null,null,Okamoto,318.0,HANYALJGGA
2010-03-05,Water,Pumps,null,Yoshikawa,1830.0,TLSY3MWMK8
2010-03-05,Dishwashers,null,null,Katayama,1463.0,ZWNGQMERMH
2010-03-05,Rice,Cookers,null,Toshino,3714.0,ECQPIOYXZO
2010-03-05,Ovens,&,Cooktops,Omuro,32191.0,HWTFIGIXOL
2010-03-05,Vacuum,Cleaners,null,Hisami,565.0,VNZSEQOSNP
2010-03-05,Vacuum,Cleaners,null,Hayashida,,GCPKFKSEWG
2010-03-05,Refrigerators,null,null,Funami,794.0,BIBIOOIHA
2010-03-05,Water,Pumps,null,Funami,13303.0,ZJPMAJIMIT
2010-03-05,Refrigerators,null,null,Shimada,1374.0,SFCA6H6QNU
2010-03-05,Refrigerators,null,null,Hisami,122.0,MXC7NMNBIW
2010-03-05,Televisions,null,null,Shimada,122.0,GHOAPVUVYL
2010-03-05,Water,Pumps,null,Furutani,7452.0,FVDHIZGQRC
2010-03-05,Refrigerators,null,null,Omuro,4994.0,FUWHINIXUA
2010-03-05,Vacuum,Cleaners,null,Toshino,401.0,NHXJMH55UY
2010-03-05,Rice,Cookers,null,Furutani,2256.0,ZJZZJNDFOZ
2010-03-05,Ovens,&,Cooktops,Ikeda,342.0,ZTEIJGNYNC
2010-03-05,Air,Conditioners,null,Toshino,2182.0,RVFWTWSMNU
2010-03-05,Televisions,null,null,Katayama,82.0,VZAQLWEGXU
2010-03-05,Ovens,&,Cooktops,Akaza,485.0,PHFB77Q5OA
2010-03-05,Rice,Cookers,null,Funami,1846.0,YPD6CTR0JA
2010-03-05,Dishwashers,null,null,Nanase,3965.0,AVXSMNNRDX
2010-03-05,Water,Heaters,null,Sugiura,306.0,UPJKNMIDRB
2010-03-05,Rice,Cookers,null,Ikeda,247.0,JYINACMKHE
2010-03-05,Washers,&,Dryers,Shimada,436.0,RBRMDIXXGL
2010-03-05,Dishwashers,null,null,Sugiura,1786.0,KR2Q6QT8PE
2010-03-05,Water,Heaters,null,Furutani,555.0,PF4KB33DVZ
2010-03-05,Rice,Cookers,null,Akaza,133.0,KSNN8R2CCO
2010-03-05,Air,Conditioners,null,Funami,729.0,HWQKLKDVSB
2010-03-05,Washers,&,Dryers,Hayashida,141.0,AHJK2FTTBH
2010-03-05,Ovens,&,Cooktops,Shimada,1852.0,WVJTPVZKAQ
2010-03-05,Vacuum,Cleaners,null,Akaza,356.0,ZBYVQNRPUP
2010-03-05,Washers,&,Dryers,Okamoto,578.0,FUFHZH9WRW
2010-03-05,Vacuum,Cleaners,null,Funami,367.0,VEWPPXWTWS
2010-03-05,Rice,Cookers,null,Matsumoto,426.0,TJLYGOSEBQ
2010-03-05,Refrigerators,null,null,Yoshikawa,5042.0,UG2IU3EFWI
2010-03-05,Refrigerators,null,null,Nanase,413.0,GQUIAFQIRH
2010-03-05,Televisions,null,null,Okamoto,345.0,HANYALJGGA
2010-03-05,Refrigerators,null,null,Akaza,703.0,XVIOZZOUTN
2010-03-05,Air,Conditioners,null,Yoshikawa,1755.0,NTMMOBBPEE
2010-03-05,Air,Conditioners,null,Akaza,985.0,IVOI4I03JA
2010-03-05,Ovens,&,Cooktops,Sugiura,3758.0,LBABGBBMJJ
2010-03-05,Ovens,&,Cooktops,Toshino,3121.0,LFIEXBAPFQ
2010-03-05,Washers,&,Dryers,Akaza,3676.0,VUQUQMHODG
2010-03-05,Washers,&,Dryers,Kikuma,1009.0,QFY2WV5LUE
2010-03-08,Vacuum,Cleaners,null,Akaza,352.0,ZBYVQNRPUP
2010-03-08,Water,Pumps,null,Furutani,7624.0,FVDHIZGQRC
2010-03-08,Air,Conditioners,null,Toshino,2241.0,RVFWTWSMNU
2010-03-08,Vacuum,Cleaners,null,Toshino,404.0,NHXJMH55UY
2010-03-08,Ovens,&,Cooktops,Sugiura,,LBABGBBMJJ
2010-03-08,Water,Heaters,null,Furutani,544.0,PF4KB33DVZ
2010-03-08,Dishwashers,null,null,Nanase,3972.0,AVXSMNNRDX
2010-03-08,Ovens,&,Cooktops,Shimada,1855.0,WVJTPVZKAQ
2010-03-08,Water,Pumps,null,Yoshikawa,1839.0,TLSY3MWMK8
2010-03-08,Dishwashers,null,null,Sugiura,1805.0,KR2Q6QT8PE
2010-03-08,Air,Conditioners,null,Akaza,1016.0,IVOI4I03JA
2010-03-08,Refrigerators,null,null,Funami,793.0,BIBIOOIHA
2010-03-08,Vacuum,Cleaners,null,Hisami,548.0,VNZSEQOSNP
2010-03-08,Televisions,null,null,Okamoto,332.0,HANYALJGGA
2010-03-08,Washers,&,Dryers,Akaza,3891.0,VUQUQMHODG
2010-03-08,Water,Pumps,null,Funami,13479.0,ZJPMAJIMIT
2010-03-08,Televisions,null,null,Shimada,113.0,GHOAPVUVYL
2010-03-08,Refrigerators,null,null,Nanase,412.0,GQUIAFQIRH
2010-03-08,Washers,&,Dryers,Hayashida,146.0,AHJK2FTTBH
2010-03-08,Rice,Cookers,null,Toshino,3870.0,ECQPIOYXZO
2010-03-08,Ovens,&,Cooktops,Toshino,3185.0,LFIEXBAPFQ
2010-03-08,Air,Conditioners,null,Yoshikawa,1773.0,NTMMOBBPEE
2010-03-08,Vacuum,Cleaners,null,Hayashida,138.0,GCPKFKSEWG
2010-03-08,Refrigerators,null,null,Akaza,719.0,XVIOZZOUTN
2010-03-08,Refrigerators,null,null,Yoshikawa,,UG2IU3EFWI
2010-03-08,Refrigerators,null,null,Hisami,116.0,MXC7NMNBIW
2010-03-08,Rice,Cookers,null,Akaza,144.0,KSNN8R2CCO
2010-03-08,Rice,Cookers,null,Ikeda,253.0,JYINACMKHE
2010-03-08,Refrigerators,null,null,Shimada,1371.0,SFCA6H6QNU
2010-03-08,Televisions,null,null,Katayama,73.0,VZAQLWEGXU
2010-03-08,Refrigerators,null,null,Omuro,5034.0,FUWHINIXUA
2010-03-08,Washers,&,Dryers,Shimada,418.0,RBRMDIXXGL
2010-03-08,Rice,Cookers,null,Matsumoto,436.0,TJLYGOSEBQ
2010-03-08,Rice,Cookers,null,Funami,1931.0,YPD6CTR0JA
2010-03-08,Ovens,&,Cooktops,Akaza,487.0,PHFB77Q5OA
2010-03-08,Vacuum,Cleaners,null,Funami,374.0,VEWPPXWTWS
2010-03-08,Rice,Cookers,null,Furutani,2340.0,ZJZZJNDFOZ
2010-03-08,Air,Conditioners,null,Funami,739.0,HWQKLKDVSB
2010-03-08,Washers,&,Dryers,Okamoto,571.0,FUFHZH9WRW
2010-03-08,Dishwashers,null,null,Katayama,1519.0,ZWNGQMERMH
2010-03-08,Water,Heaters,null,Sugiura,306.0,UPJKNMIDRB
2010-03-08,Ovens,&,Cooktops,Omuro,,HWTFIGIXOL
2010-03-08,Washers,&,Dryers,Kikuma,1010.0,QFY2WV5LUE
2010-03-08,Ovens,&,Cooktops,Ikeda,329.0,ZTEIJGNYNC
2010-03-09,Air,Conditioners,null,Akaza,1012.0,IVOI4I03JA
2010-03-09,Air,Conditioners,null,Toshino,2289.0,RVFWTWSMNU
2010-03-09,Vacuum,Cleaners,null,Funami,375.0,VEWPPXWTWS
2010-03-09,Ovens,&,Cooktops,Sugiura,3807.0,LBABGBBMJJ
2010-03-09,Washers,&,Dryers,Shimada,434.0,RBRMDIXXGL
2010-03-09,Air,Conditioners,null,Yoshikawa,1759.0,NTMMOBBPEE
2010-03-09,Water,Pumps,null,Yoshikawa,1908.0,TLSY3MWMK8
2010-03-09,Refrigerators,null,null,Funami,808.0,BIBIOOIHA
2010-03-09,Televisions,null,null,Katayama,84.0,VZAQLWEGXU
2010-03-09,Rice,Cookers,null,Furutani,2383.0,ZJZZJNDFOZ
2010-03-09,Refrigerators,null,null,Akaza,670.0,XVIOZZOUTN
2010-03-09,Washers,&,Dryers,Kikuma,991.0,QFY2WV5LUE
2010-03-09,Ovens,&,Cooktops,Omuro,32873.0,HWTFIGIXOL
2010-03-09,Televisions,null,null,Okamoto,339.0,HANYALJGGA
2010-03-09,Dishwashers,null,null,Sugiura,1814.0,KR2Q6QT8PE
2010-03-09,Washers,&,Dryers,Akaza,4048.0,VUQUQMHODG
2010-03-09,Ovens,&,Cooktops,Shimada,1867.0,WVJTPVZKAQ
2010-03-09,Water,Heaters,null,Furutani,616.0,PF4KB33DVZ
2010-03-09,Washers,&,Dryers,Hayashida,187.0,AHJK2FTTBH
2010-03-09,Air,Conditioners,null,Funami,748.0,HWQKLKDVSB
2010-03-09,Vacuum,Cleaners,null,Hisami,578.0,VNZSEQOSNP
2010-03-09,Vacuum,Cleaners,null,Akaza,354.0,ZBYVQNRPUP
2010-03-09,Rice,Cookers,null,Ikeda,250.0,JYINACMKHE
2010-03-09,Refrigerators,null,null,Yoshikawa,5139.0,UG2IU3EFWI
2010-03-09,Ovens,&,Cooktops,Toshino,3191.0,LFIEXBAPFQ
2010-03-09,Rice,Cookers,null,Toshino,3851.0,ECQPIOYXZO
2010-03-09,Ovens,&,Cooktops,Akaza,493.0,PHFB77Q5OA
2010-03-09,Vacuum,Cleaners,null,Hayashida,140.0,GCPKFKSEWG
2010-03-09,Refrigerators,null,null,Hisami,120.0,MXC7NMNBIW
2010-03-09,Ovens,&,Cooktops,Ikeda,334.0,ZTEIJGNYNC
2010-03-09,Refrigerators,null,null,Omuro,5175.0,FUWHINIXUA
2010-03-09,Water,Heaters,null,Sugiura,308.0,UPJKNMIDRB
2010-03-09,Rice,Cookers,null,Funami,1921.0,YPD6CTR0JA
2010-03-09,Vacuum,Cleaners,null,Toshino,399.0,NHXJMH55UY
2010-03-09,Dishwashers,null,null,Nanase,3993.0,AVXSMNNRDX
2010-03-09,Washers,&,Dryers,Okamoto,587.0,FUFHZH9WRW
2010-03-09,Dishwashers,null,null,Katayama,,ZWNGQMERMH
2010-03-09,Rice,Cookers,null,Akaza,132.0,KSNN8R2CCO
2010-03-09,Water,Pumps,null,Funami,13684.0,ZJPMAJIMIT
2010-03-09,Televisions,null,null,Shimada,118.0,GHOAPVUVYL
2010-03-09,Refrigerators,null,null,Nanase,400.0,GQUIAFQIRH
2010-03-09,Water,Pumps,null,Furutani,7582.0,FVDHIZGQRC
2010-03-09,Rice,Cookers,null,Matsumoto,439.0,TJLYGOSEBQ
2010-03-09,Refrigerators,null,null,Shimada,1375.0,SFCA6H6QNU
2010-03-10,Air,Conditioners,null,Funami,743.0,HWQKLKDVSB
2010-03-10,Water,Pumps,null,Funami,14007.0,ZJPMAJIMIT
2010-03-10,Air,Conditioners,null,Yoshikawa,1779.0,NTMMOBBPEE
2010-03-10,Washers,&,Dryers,Akaza,4010.0,VUQUQMHODG
2010-03-10,Refrigerators,null,null,Hisami,119.0,MXC7NMNBIW
2010-03-10,Rice,Cookers,null,Funami,1903.0,YPD6CTR0JA
2010-03-10,Rice,Cookers,null,Furutani,2512.0,ZJZZJNDFOZ
2010-03-10,Rice,Cookers,null,Ikeda,260.0,JYINACMKHE
2010-03-10,Air,Conditioners,null,Toshino,,RVFWTWSMNU
2010-03-10,Refrigerators,null,null,Nanase,387.0,GQUIAFQIRH
2010-03-10,Water,Pumps,null,Yoshikawa,2002.0,TLSY3MWMK8
2010-03-10,Washers,&,Dryers,Shimada,424.0,RBRMDIXXGL
2010-03-10,Dishwashers,null,null,Nanase,4048.0,AVXSMNNRDX
2010-03-10,Washers,&,Dryers,Okamoto,621.0,FUFHZH9WRW
2010-03-10,Refrigerators,null,null,Akaza,717.0,XVIOZZOUTN
2010-03-10,Dishwashers,null,null,Sugiura,1801.0,KR2Q6QT8PE
2010-03-10,Ovens,&,Cooktops,Toshino,3226.0,LFIEXBAPFQ
2010-03-10,Rice,Cookers,null,Toshino,3840.0,ECQPIOYXZO
2010-03-10,Refrigerators,null,null,Funami,805.0,BIBIOOIHA
2010-03-10,Rice,Cookers,null,Matsumoto,441.0,TJLYGOSEBQ
2010-03-10,Vacuum,Cleaners,null,Hisami,578.0,VNZSEQOSNP
2010-03-10,Televisions,null,null,Shimada,126.0,GHOAPVUVYL
2010-03-10,Water,Heaters,null,Sugiura,,UPJKNMIDRB
2010-03-10,Vacuum,Cleaners,null,Funami,369.0,VEWPPXWTWS
2010-03-10,Ovens,&,Cooktops,Sugiura,3927.0,LBABGBBMJJ
2010-03-10,Washers,&,Dryers,Kikuma,1038.0,QFY2WV5LUE
2010-03-10,Ovens,&,Cooktops,Akaza,490.0,PHFB77Q5OA
2010-03-10,Refrigerators,null,null,Omuro,5161.0,FUWHINIXUA
2010-03-10,Televisions,null,null,Katayama,77.0,VZAQLWEGXU
2010-03-10,Ovens,&,Cooktops,Omuro,32909.0,HWTFIGIXOL
2010-03-10,Vacuum,Cleaners,null,Hayashida,134.0,GCPKFKSEWG
2010-03-10,Air,Conditioners,null,Akaza,1026.0,IVOI4I03JA
2010-03-10,Rice,Cookers,null,Akaza,138.0,KSNN8R2CCO
2010-03-10,Refrigerators,null,null,Shimada,1407.0,SFCA6H6QNU
2010-03-10,Ovens,&,Cooktops,Shimada,1883.0,WVJTPVZKAQ
2010-03-10,Refrigerators,null,null,Yoshikawa,4942.0,UG2IU3EFWI
2010-03-10,Washers,&,Dryers,Hayashida,169.0,AHJK2FTTBH
2010-03-10,Dishwashers,null,null,Katayama,1520.0,ZWNGQMERMH
2010-03-10,Vacuum,Cleaners,null,Toshino,397.0,NHXJMH55UY
2010-03-10,Televisions,null,null,Okamoto,338.0,HANYALJGGA
2010-03-10,Ovens,&,Cooktops,Ikeda,326.0,ZTEIJGNYNC
2010-03-10,Water,Pumps,null,Furutani,7790.0,FVDHIZGQRC
2010-03-10,Vacuum,Cleaners,null,Akaza,,ZBYVQNRPUP
2010-03-10,Water,Heaters,null,Furutani,613.0,PF4KB33DVZ
2010-03-11,Washers,&,Dryers,Kikuma,1060.0,QFY2WV5LUE
2010-03-11,Televisions,null,null,Katayama,80.0,VZAQLWEGXU
2010-03-11,Televisions,null,null,Shimada,127.0,GHOAPVUVYL
2010-03-11,Washers,&,Dryers,Shimada,428.0,RBRMDIXXGL
2010-03-11,Rice,Cookers,null,Matsumoto,437.0,TJLYGOSEBQ
2010-03-11,Ovens,&,Cooktops,Toshino,3203.0,LFIEXBAPFQ
2010-03-11,Refrigerators,null,null,Omuro,5206.0,FUWHINIXUA
2010-03-11,Vacuum,Cleaners,null,Hisami,566.0,VNZSEQOSNP
2010-03-11,Rice,Cookers,null,Toshino,,ECQPIOYXZO
2010-03-11,Water,Heaters,null,Furutani,591.0,PF4KB33DVZ
2010-03-11,Refrigerators,null,null,Yoshikawa,4856.0,UG2IU3EFWI
2010-03-11,Water,Pumps,null,Furutani,7730.0,FVDHIZGQRC
2010-03-11,Air,Conditioners,null,Toshino,2353.0,RVFWTWSMNU
2010-03-11,Ovens,&,Cooktops,Shimada,1889.0,WVJTPVZKAQ
2010-03-11,Air,Conditioners,null,Funami,748.0,HWQKLKDVSB
2010-03-11,Dishwashers,null,null,Katayama,1509.0,ZWNGQMERMH
2010-03-11,Vacuum,Cleaners,null,Funami,370.0,VEWPPXWTWS
2010-03-11,Ovens,&,Cooktops,Sugiura,3984.0,LBABGBBMJJ
2010-03-11,Vacuum,Cleaners,null,Toshino,404.0,NHXJMH55UY
2010-03-11,Ovens,&,Cooktops,Akaza,507.0,PHFB77Q5OA
2010-03-11,Vacuum,Cleaners,null,Hayashida,146.0,GCPKFKSEWG
2010-03-11,Water,Heaters,null,Sugiura,310.0,UPJKNMIDRB
2010-03-11,Dishwashers,null,null,Sugiura,1805.0,KR2Q6QT8PE
2010-03-11,Air,Conditioners,null,Akaza,1038.0,IVOI4I03JA
2010-03-11,Vacuum,Cleaners,null,Akaza,346.0,ZBYVQNRPUP
2010-03-11,Ovens,&,Cooktops,Omuro,32804.0,HWTFIGIXOL
2010-03-11,Refrigerators,null,null,Nanase,406.0,GQUIAFQIRH
2010-03-11,Water,Pumps,null,Yoshikawa,1973.0,TLSY3MWMK8
2010-03-11,Refrigerators,null,null,Funami,787.0,BIBIOOIHA
2010-03-11,Televisions,null,null,Okamoto,332.0,HANYALJGGA
2010-03-11,Ovens,&,Cooktops,Ikeda,334.0,ZTEIJGNYNC
2010-03-11,Rice,Cookers,null,Ikeda,262.0,JYINACMKHE
2010-03-11,Rice,Cookers,null,Funami,1929.0,YPD6CTR0JA
2010-03-11,Washers,&,Dryers,Hayashida,198.0,AHJK2FTTBH
2010-03-11,Washers,&,Dryers,Okamoto,602.0,FUFHZH9WRW
2010-03-11,Refrigerators,null,null,Hisami,118.0,MXC7NMNBIW
2010-03-11,Rice,Cookers,null,Akaza,145.0,KSNN8R2CCO
2010-03-11,Washers,&,Dryers,Akaza,3945.0,VUQUQMHODG
2010-03-11,Air,Conditioners,null,Yoshikawa,1754.0,NTMMOBBPEE
2010-03-11,Refrigerators,null,null,Akaza,710.0,XVIOZZOUTN
2010-03-11,Refrigerators,null,null,Shimada,1402.0,SFCA6H6QNU
2010-03-11,Water,Pumps,null,Funami,13949.0,ZJPMAJIMIT
2010-03-11,Dishwashers,null,null,Nanase,3976.0,AVXSMNNRDX
2010-03-11,Rice,Cookers,null,Furutani,2402.0,ZJZZJNDFOZ
2010-03-12,Dishwashers,null,null,Nanase,4003.0,AVXSMNNRDX
2010-03-12,Rice,Cookers,null,Akaza,146.0,KSNN8R2CCO
2010-03-12,Vacuum,Cleaners,null,Hisami,576.0,VNZSEQOSNP
2010-03-12,Vacuum,Cleaners,null,Toshino,390.0,NHXJMH55UY
2010-03-12,Rice,Cookers,null,Furutani,2437.0,ZJZZJNDFOZ
2010-03-12,Vacuum,Cleaners,null,Funami,392.0,VEWPPXWTWS
2010-03-12,Rice,Cookers,null,Funami,1938.0,YPD6CTR0JA
2010-03-12,Air,Conditioners,null,Funami,,HWQKLKDVSB
2010-03-12,Ovens,&,Cooktops,Omuro,,HWTFIGIXOL
2010-03-12,Televisions,null,null,Shimada,,GHOAPVUVYL
2010-03-12,Televisions,null,null,Katayama,83.0,VZAQLWEGXU
2010-03-12,Ovens,&,Cooktops,Ikeda,343.0,ZTEIJGNYNC
2010-03-12,Refrigerators,null,null,Omuro,,FUWHINIXUA
2010-03-12,Washers,&,Dryers,Akaza,3883.0,VUQUQMHODG
2010-03-12,Washers,&,Dryers,Kikuma,1067.0,QFY2WV5LUE
2010-03-12,Refrigerators,null,null,Hisami,117.0,MXC7NMNBIW
2010-03-12,Televisions,null,null,Okamoto,338.0,HANYALJGGA
2010-03-12,Rice,Cookers,null,Ikeda,263.0,JYINACMKHE
2010-03-12,Water,Pumps,null,Yoshikawa,1963.0,TLSY3MWMK8
2010-03-12,Refrigerators,null,null,Nanase,409.0,GQUIAFQIRH
2010-03-12,Dishwashers,null,null,Sugiura,1802.0,KR2Q6QT8PE
2010-03-12,Vacuum,Cleaners,null,Akaza,353.0,ZBYVQNRPUP
2010-03-12,Refrigerators,null,null,Yoshikawa,4905.0,UG2IU3EFWI
2010-03-12,Washers,&,Dryers,Hayashida,194.0,AHJK2FTTBH
2010-03-12,Refrigerators,null,null,Shimada,1404.0,SFCA6H6QNU
2010-03-12,Air,Conditioners,null,Akaza,1026.0,IVOI4I03JA
2010-03-12,Water,Heaters,null,Furutani,640.0,PF4KB33DVZ
2010-03-12,Dishwashers,null,null,Katayama,1480.0,ZWNGQMERMH
2010-03-12,Ovens,&,Cooktops,Shimada,1883.0,WVJTPVZKAQ
2010-03-12,Vacuum,Cleaners,null,Hayashida,149.0,GCPKFKSEWG
2010-03-12,Air,Conditioners,null,Yoshikawa,1755.0,NTMMOBBPEE
2010-03-12,Water,Pumps,null,Funami,13942.0,ZJPMAJIMIT
2010-03-12,Rice,Cookers,null,Toshino,3847.0,ECQPIOYXZO
2010-03-12,Washers,&,Dryers,Okamoto,621.0,FUFHZH9WRW
2010-03-12,Washers,&,Dryers,Shimada,434.0,RBRMDIXXGL
2010-03-12,Ovens,&,Cooktops,Akaza,515.0,PHFB77Q5OA
2010-03-12,Ovens,&,Cooktops,Sugiura,4032.0,LBABGBBMJJ
2010-03-12,Water,Heaters,null,Sugiura,324.0,UPJKNMIDRB
2010-03-12,Refrigerators,null,null,Funami,,BIBIOOIHA
2010-03-12,Rice,Cookers,null,Matsumoto,449.0,TJLYGOSEBQ
2010-03-12,Ovens,&,Cooktops,Toshino,3190.0,LFIEXBAPFQ
2010-03-12,Water,Pumps,null,Furutani,7736.0,FVDHIZGQRC
2010-03-12,Air,Conditioners,null,Toshino,2328.0,RVFWTWSMNU
2010-03-12,Refrigerators,null,null,Akaza,688.0,XVIOZZOUTN
2010-03-15,Air,Conditioners,null,Yoshikawa,1782.0,NTMMOBBPEE
2010-03-15,Vacuum,Cleaners,null,Hayashida,155.0,GCPKFKSEWG
2010-03-15,Ovens,&,Cooktops,Shimada,1873.0,WVJTPVZKAQ
2010-03-15,Washers,&,Dryers,Shimada,417.0,RBRMDIXXGL
2010-03-15,Dishwashers,null,null,Nanase,3919.0,AVXSMNNRDX
2010-03-15,Water,Heaters,null,Furutani,645.0,PF4KB33DVZ
2010-03-15,Ovens,&,Cooktops,Akaza,515.0,PHFB77Q5OA
2010-03-15,Refrigerators,null,null,Nanase,404.0,GQUIAFQIRH
2010-03-15,Air,Conditioners,null,Funami,739.0,HWQKLKDVSB
2010-03-15,Rice,Cookers,null,Ikeda,261.0,JYINACMKHE
2010-03-15,Refrigerators,null,null,Omuro,5200.0,FUWHINIXUA
2010-03-15,Ovens,&,Cooktops,Toshino,3162.0,LFIEXBAPFQ
2010-03-15,Washers,&,Dryers,Hayashida,182.0,AHJK2FTTBH
2010-03-15,Water,Pumps,null,Funami,13746.0,ZJPMAJIMIT
2010-03-15,Refrigerators,null,null,Funami,802.0,BIBIOOIHA
2010-03-15,Washers,&,Dryers,Okamoto,647.0,FUFHZH9WRW
2010-03-15,Rice,Cookers,null,Toshino,3944.0,ECQPIOYXZO
2010-03-15,Vacuum,Cleaners,null,Akaza,354.0,ZBYVQNRPUP
2010-03-15,Refrigerators,null,null,Hisami,117.0,MXC7NMNBIW
2010-03-15,Ovens,&,Cooktops,Omuro,34165.0,HWTFIGIXOL
2010-03-15,Rice,Cookers,null,Funami,1980.0,YPD6CTR0JA
2010-03-15,Washers,&,Dryers,Akaza,3888.0,VUQUQMHODG
2010-03-15,Televisions,null,null,Shimada,123.0,GHOAPVUVYL
2010-03-15,Ovens,&,Cooktops,Ikeda,336.0,ZTEIJGNYNC
2010-03-15,Televisions,null,null,Okamoto,333.0,HANYALJGGA
2010-03-15,Water,Heaters,null,Sugiura,321.0,UPJKNMIDRB
2010-03-15,Refrigerators,null,null,Shimada,1390.0,SFCA6H6QNU
2010-03-15,Vacuum,Cleaners,null,Hisami,568.0,VNZSEQOSNP
2010-03-15,Refrigerators,null,null,Yoshikawa,4894.0,UG2IU3EFWI
2010-03-15,Air,Conditioners,null,Toshino,2372.0,RVFWTWSMNU
2010-03-15,Dishwashers,null,null,Sugiura,1811.0,KR2Q6QT8PE
2010-03-15,Rice,Cookers,null,Akaza,134.0,KSNN8R2CCO
2010-03-15,Rice,Cookers,null,Matsumoto,450.0,TJLYGOSEBQ
2010-03-15,Refrigerators,null,null,Akaza,704.0,XVIOZZOUTN
2010-03-15,Washers,&,Dryers,Kikuma,1058.0,QFY2WV5LUE
2010-03-15,Televisions,null,null,Katayama,83.0,VZAQLWEGXU
2010-03-15,Vacuum,Cleaners,null,Funami,401.0,VEWPPXWTWS
2010-03-15,Rice,Cookers,null,Furutani,2378.0,ZJZZJNDFOZ
2010-03-15,Air,Conditioners,null,Akaza,1025.0,IVOI4I03JA
2010-03-15,Vacuum,Cleaners,null,Toshino,387.0,NHXJMH55UY
2010-03-15,Water,Pumps,null,Furutani,7631.0,FVDHIZGQRC
2010-03-15,Water,Pumps,null,Yoshikawa,1942.0,TLSY3MWMK8
2010-03-15,Ovens,&,Cooktops,Sugiura,4075.0,LBABGBBMJJ
2010-03-15,Dishwashers,null,null,Katayama,1500.0,ZWNGQMERMH
2010-03-17,Televisions,null,null,Shimada,130.0,GHOAPVUVYL
2010-03-17,Dishwashers,null,null,Nanase,4123.0,AVXSMNNRDX
2010-03-17,Air,Conditioners,null,Akaza,1042.0,IVOI4I03JA
2010-03-17,Vacuum,Cleaners,null,Hisami,570.0,VNZSEQOSNP
2010-03-17,Rice,Cookers,null,Ikeda,268.0,JYINACMKHE
2010-03-17,Refrigerators,null,null,Akaza,689.0,XVIOZZOUTN
2010-03-17,Ovens,&,Cooktops,Omuro,36167.0,HWTFIGIXOL
2010-03-17,Air,Conditioners,null,Yoshikawa,1787.0,NTMMOBBPEE
2010-03-17,Refrigerators,null,null,Omuro,5796.0,FUWHINIXUA
2010-03-17,Washers,&,Dryers,Okamoto,636.0,FUFHZH9WRW
2010-03-17,Refrigerators,null,null,Hisami,112.0,MXC7NMNBIW
2010-03-17,Rice,Cookers,null,Matsumoto,453.0,TJLYGOSEBQ
2010-03-17,Water,Pumps,null,Furutani,7830.0,FVDHIZGQRC
2010-03-17,Ovens,&,Cooktops,Toshino,3202.0,LFIEXBAPFQ
2010-03-17,Rice,Cookers,null,Toshino,4060.0,ECQPIOYXZO
2010-03-17,Televisions,null,null,Katayama,75.0,VZAQLWEGXU
2010-03-17,Washers,&,Dryers,Shimada,432.0,RBRMDIXXGL
2010-03-17,Rice,Cookers,null,Furutani,2402.0,ZJZZJNDFOZ
2010-03-17,Refrigerators,null,null,Funami,822.0,BIBIOOIHA
2010-03-17,Water,Heaters,null,Sugiura,321.0,UPJKNMIDRB
2010-03-17,Ovens,&,Cooktops,Akaza,509.0,PHFB77Q5OA
2010-03-17,Vacuum,Cleaners,null,Funami,411.0,VEWPPXWTWS
2010-03-17,Televisions,null,null,Okamoto,,HANYALJGGA
2010-03-17,Ovens,&,Cooktops,Sugiura,4246.0,LBABGBBMJJ
2010-03-17,Washers,&,Dryers,Kikuma,,QFY2WV5LUE
2010-03-17,Vacuum,Cleaners,null,Hayashida,152.0,GCPKFKSEWG
2010-03-17,Vacuum,Cleaners,null,Toshino,394.0,NHXJMH55UY
2010-03-17,Ovens,&,Cooktops,Shimada,1913.0,WVJTPVZKAQ
2010-03-17,Dishwashers,null,null,Katayama,1516.0,ZWNGQMERMH
2010-03-17,Air,Conditioners,null,Funami,794.0,HWQKLKDVSB
2010-03-17,Water,Heaters,null,Furutani,636.0,PF4KB33DVZ
2010-03-17,Ovens,&,Cooktops,Ikeda,336.0,ZTEIJGNYNC
2010-03-17,Refrigerators,null,null,Nanase,401.0,GQUIAFQIRH
2010-03-17,Rice,Cookers,null,Akaza,133.0,KSNN8R2CCO
2010-03-17,Refrigerators,null,null,Shimada,1395.0,SFCA6H6QNU
2010-03-17,Washers,&,Dryers,Hayashida,224.0,AHJK2FTTBH
2010-03-17,Water,Pumps,null,Funami,14013.0,ZJPMAJIMIT
2010-03-17,Air,Conditioners,null,Toshino,2455.0,RVFWTWSMNU
2010-03-17,Rice,Cookers,null,Funami,2036.0,YPD6CTR0JA
2010-03-17,Refrigerators,null,null,Yoshikawa,5095.0,UG2IU3EFWI
2010-03-17,Vacuum,Cleaners,null,Akaza,383.0,ZBYVQNRPUP
2010-03-17,Water,Pumps,null,Yoshikawa,2069.0,TLSY3MWMK8
2010-03-17,Washers,&,Dryers,Akaza,4080.0,VUQUQMHODG
2010-03-17,Dishwashers,null,null,Sugiura,1877.0,KR2Q6QT8PE
2010-03-18,Ovens,&,Cooktops,Sugiura,4066.0,LBABGBBMJJ
2010-03-18,Vacuum,Cleaners,null,Hayashida,155.0,GCPKFKSEWG
2010-03-18,Dishwashers,null,null,Katayama,1513.0,ZWNGQMERMH
2010-03-18,Water,Heaters,null,Sugiura,337.0,UPJKNMIDRB
2010-03-18,Televisions,null,null,Okamoto,346.0,HANYALJGGA
2010-03-18,Refrigerators,null,null,Funami,810.0,BIBIOOIHA
2010-03-18,Refrigerators,null,null,Hisami,120.0,MXC7NMNBIW
2010-03-18,Refrigerators,null,null,Akaza,696.0,XVIOZZOUTN
2010-03-18,Rice,Cookers,null,Furutani,2377.0,ZJZZJNDFOZ
2010-03-18,Dishwashers,null,null,Sugiura,1847.0,KR2Q6QT8PE
2010-03-18,Rice,Cookers,null,Toshino,4061.0,ECQPIOYXZO
2010-03-18,Water,Pumps,null,Funami,14001.0,ZJPMAJIMIT
2010-03-18,Refrigerators,null,null,Yoshikawa,5242.0,UG2IU3EFWI
2010-03-18,Refrigerators,null,null,Nanase,402.0,GQUIAFQIRH
2010-03-18,Rice,Cookers,null,Ikeda,249.0,JYINACMKHE
2010-03-18,Rice,Cookers,null,Matsumoto,453.0,TJLYGOSEBQ
2010-03-18,Vacuum,Cleaners,null,Akaza,378.0,ZBYVQNRPUP
2010-03-18,Water,Pumps,null,Yoshikawa,2090.0,TLSY3MWMK8
2010-03-18,Washers,&,Dryers,Okamoto,629.0,FUFHZH9WRW
2010-03-18,Air,Conditioners,null,Yoshikawa,1791.0,NTMMOBBPEE
2010-03-18,Refrigerators,null,null,Shimada,1394.0,SFCA6H6QNU
2010-03-18,Air,Conditioners,null,Akaza,1130.0,IVOI4I03JA
2010-03-18,Washers,&,Dryers,Hayashida,275.0,AHJK2FTTBH
2010-03-18,Water,Heaters,null,Furutani,619.0,PF4KB33DVZ
2010-03-18,Water,Pumps,null,Furutani,7668.0,FVDHIZGQRC
2010-03-18,Ovens,&,Cooktops,Toshino,3250.0,LFIEXBAPFQ
2010-03-18,Ovens,&,Cooktops,Shimada,1905.0,WVJTPVZKAQ
2010-03-18,Washers,&,Dryers,Kikuma,1161.0,QFY2WV5LUE
2010-03-18,Washers,&,Dryers,Akaza,4009.0,VUQUQMHODG
2010-03-18,Refrigerators,null,null,Omuro,5463.0,FUWHINIXUA
2010-03-18,Rice,Cookers,null,Funami,2026.0,YPD6CTR0JA
2010-03-18,Televisions,null,null,Katayama,70.0,VZAQLWEGXU
2010-03-18,Ovens,&,Cooktops,Akaza,514.0,PHFB77Q5OA
2010-03-18,Rice,Cookers,null,Akaza,135.0,KSNN8R2CCO
2010-03-18,Washers,&,Dryers,Shimada,422.0,RBRMDIXXGL
2010-03-18,Air,Conditioners,null,Toshino,,RVFWTWSMNU
2010-03-18,Ovens,&,Cooktops,Ikeda,352.0,ZTEIJGNYNC
2010-03-18,Dishwashers,null,null,Nanase,4230.0,AVXSMNNRDX
2010-03-18,Televisions,null,null,Shimada,123.0,GHOAPVUVYL
2010-03-18,Vacuum,Cleaners,null,Funami,414.0,VEWPPXWTWS
2010-03-18,Vacuum,Cleaners,null,Toshino,399.0,NHXJMH55UY
2010-03-18,Air,Conditioners,null,Funami,793.0,HWQKLKDVSB
2010-03-18,Ovens,&,Cooktops,Omuro,36770.0,HWTFIGIXOL
2010-03-18,Vacuum,Cleaners,null,Hisami,565.0,VNZSEQOSNP
2010-03-19,Dishwashers,null,null,Nanase,4283.0,AVXSMNNRDX
2010-03-19,Refrigerators,null,null,Akaza,736.0,XVIOZZOUTN
2010-03-19,Ovens,&,Cooktops,Omuro,36392.0,HWTFIGIXOL
2010-03-19,Rice,Cookers,null,Ikeda,268.0,JYINACMKHE
2010-03-19,Televisions,null,null,Shimada,124.0,GHOAPVUVYL
2010-03-19,Vacuum,Cleaners,null,Hisami,567.0,VNZSEQOSNP
2010-03-19,Televisions,null,null,Okamoto,357.0,HANYALJGGA
2010-03-19,Vacuum,Cleaners,null,Funami,411.0,VEWPPXWTWS
2010-03-19,Air,Conditioners,null,Yoshikawa,1782.0,NTMMOBBPEE
2010-03-19,Air,Conditioners,null,Akaza,1116.0,IVOI4I03JA
2010-03-19,Refrigerators,null,null,Hisami,115.0,MXC7NMNBIW
2010-03-19,Washers,&,Dryers,Akaza,4003.0,VUQUQMHODG
2010-03-19,Vacuum,Cleaners,null,Akaza,394.0,ZBYVQNRPUP
2010-03-19,Dishwashers,null,null,Katayama,1503.0,ZWNGQMERMH
2010-03-19,Water,Pumps,null,Furutani,7687.0,FVDHIZGQRC
2010-03-19,Vacuum,Cleaners,null,Hayashida,163.0,GCPKFKSEWG
2010-03-19,Ovens,&,Cooktops,Shimada,1879.0,WVJTPVZKAQ
2010-03-19,Vacuum,Cleaners,null,Toshino,405.0,NHXJMH55UY
2010-03-19,Dishwashers,null,null,Sugiura,1840.0,KR2Q6QT8PE
2010-03-19,Ovens,&,Cooktops,Ikeda,,ZTEIJGNYNC
2010-03-19,Water,Heaters,null,Furutani,627.0,PF4KB33DVZ
2010-03-19,Water,Pumps,null,Funami,14153.0,ZJPMAJIMIT
2010-03-19,Refrigerators,null,null,Nanase,401.0,GQUIAFQIRH
2010-03-19,Air,Conditioners,null,Funami,796.0,HWQKLKDVSB
2010-03-19,Rice,Cookers,null,Akaza,148.0,KSNN8R2CCO
2010-03-19,Washers,&,Dryers,Hayashida,290.0,AHJK2FTTBH
2010-03-19,Refrigerators,null,null,Shimada,1396.0,SFCA6H6QNU
2010-03-19,Rice,Cookers,null,Funami,2072.0,YPD6CTR0JA
2010-03-19,Washers,&,Dryers,Kikuma,1158.0,QFY2WV5LUE
2010-03-19,Water,Pumps,null,Yoshikawa,2115.0,TLSY3MWMK8
2010-03-19,Refrigerators,null,null,Yoshikawa,4998.0,UG2IU3EFWI
2010-03-19,Washers,&,Dryers,Okamoto,646.0,FUFHZH9WRW
2010-03-19,Ovens,&,Cooktops,Sugiura,4220.0,LBABGBBMJJ
2010-03-19,Rice,Cookers,null,Furutani,2444.0,ZJZZJNDFOZ
2010-03-19,Ovens,&,Cooktops,Toshino,3270.0,LFIEXBAPFQ
2010-03-19,Televisions,null,null,Katayama,78.0,VZAQLWEGXU
2010-03-19,Air,Conditioners,null,Toshino,2574.0,RVFWTWSMNU
2010-03-19,Ovens,&,Cooktops,Akaza,510.0,PHFB77Q5OA
2010-03-19,Rice,Cookers,null,Matsumoto,498.0,TJLYGOSEBQ
2010-03-19,Refrigerators,null,null,Funami,794.0,BIBIOOIHA
2010-03-19,Refrigerators,null,null,Omuro,5467.0,FUWHINIXUA
2010-03-19,Water,Heaters,null,Sugiura,326.0,UPJKNMIDRB
2010-03-19,Rice,Cookers,null,Toshino,4152.0,ECQPIOYXZO
2010-03-19,Washers,&,Dryers,Shimada,420.0,RBRMDIXXGL
2010-03-22,Rice,Cookers,null,Funami,2067.0,YPD6CTR0JA
2010-03-22,Washers,&,Dryers,Kikuma,1151.0,QFY2WV5LUE
2010-03-22,Refrigerators,null,null,Shimada,1390.0,SFCA6H6QNU
2010-03-22,Washers,&,Dryers,Hayashida,296.0,AHJK2FTTBH
2010-03-22,Rice,Cookers,null,Akaza,131.0,KSNN8R2CCO
2010-03-22,Ovens,&,Cooktops,Akaza,499.0,PHFB77Q5OA
2010-03-22,Rice,Cookers,null,Toshino,4101.0,ECQPIOYXZO
2010-03-22,Water,Pumps,null,Yoshikawa,2017.0,TLSY3MWMK8
2010-03-22,Washers,&,Dryers,Akaza,4016.0,VUQUQMHODG
2010-03-22,Vacuum,Cleaners,null,Funami,400.0,VEWPPXWTWS
2010-03-22,Washers,&,Dryers,Shimada,422.0,RBRMDIXXGL
2010-03-22,Refrigerators,null,null,Funami,816.0,BIBIOOIHA
2010-03-22,Refrigerators,null,null,Nanase,408.0,GQUIAFQIRH
2010-03-22,Water,Pumps,null,Funami,14270.0,ZJPMAJIMIT
2010-03-22,Water,Heaters,null,Furutani,614.0,PF4KB33DVZ
2010-03-22,Ovens,&,Cooktops,Ikeda,340.0,ZTEIJGNYNC
2010-03-22,Ovens,&,Cooktops,Sugiura,4096.0,LBABGBBMJJ
2010-03-22,Dishwashers,null,null,Sugiura,1789.0,KR2Q6QT8PE
2010-03-22,Air,Conditioners,null,Funami,777.0,HWQKLKDVSB
2010-03-22,Water,Heaters,null,Sugiura,305.0,UPJKNMIDRB
2010-03-22,Ovens,&,Cooktops,Shimada,1846.0,WVJTPVZKAQ
2010-03-22,Vacuum,Cleaners,null,Hayashida,154.0,GCPKFKSEWG
2010-03-22,Televisions,null,null,Katayama,73.0,VZAQLWEGXU
2010-03-22,Water,Pumps,null,Furutani,7611.0,FVDHIZGQRC
2010-03-22,Dishwashers,null,null,Katayama,1465.0,ZWNGQMERMH
2010-03-22,Vacuum,Cleaners,null,Toshino,404.0,NHXJMH55UY
2010-03-22,Vacuum,Cleaners,null,Akaza,386.0,ZBYVQNRPUP
2010-03-22,Washers,&,Dryers,Okamoto,772.0,FUFHZH9WRW
2010-03-22,Rice,Cookers,null,Furutani,2420.0,ZJZZJNDFOZ
2010-03-22,Air,Conditioners,null,Akaza,1102.0,IVOI4I03JA
2010-03-22,Air,Conditioners,null,Toshino,2476.0,RVFWTWSMNU
2010-03-22,Air,Conditioners,null,Yoshikawa,1788.0,NTMMOBBPEE
2010-03-22,Rice,Cookers,null,Matsumoto,483.0,TJLYGOSEBQ
2010-03-22,Refrigerators,null,null,Omuro,5452.0,FUWHINIXUA
2010-03-22,Rice,Cookers,null,Ikeda,261.0,JYINACMKHE
2010-03-22,Ovens,&,Cooktops,Toshino,,LFIEXBAPFQ
2010-03-22,Refrigerators,null,null,Akaza,770.0,XVIOZZOUTN
2010-03-22,Ovens,&,Cooktops,Omuro,35812.0,HWTFIGIXOL
2010-03-22,Refrigerators,null,null,Hisami,117.0,MXC7NMNBIW
2010-03-22,Dishwashers,null,null,Nanase,,AVXSMNNRDX
2010-03-22,Televisions,null,null,Okamoto,342.0,HANYALJGGA
2010-03-22,Refrigerators,null,null,Yoshikawa,4860.0,UG2IU3EFWI
2010-03-22,Vacuum,Cleaners,null,Hisami,557.0,VNZSEQOSNP
2010-03-22,Televisions,null,null,Shimada,135.0,GHOAPVUVYL
2010-03-23,Rice,Cookers,null,Akaza,142.0,KSNN8R2CCO
2010-03-23,Washers,&,Dryers,Shimada,435.0,RBRMDIXXGL
2010-03-23,Air,Conditioners,null,Toshino,2545.0,RVFWTWSMNU
2010-03-23,Ovens,&,Cooktops,Ikeda,332.0,ZTEIJGNYNC
2010-03-23,Televisions,null,null,Shimada,121.0,GHOAPVUVYL
2010-03-23,Vacuum,Cleaners,null,Hisami,560.0,VNZSEQOSNP
2010-03-23,Dishwashers,null,null,Sugiura,,KR2Q6QT8PE
2010-03-23,Rice,Cookers,null,Matsumoto,505.0,TJLYGOSEBQ
2010-03-23,Rice,Cookers,null,Toshino,3999.0,ECQPIOYXZO
2010-03-23,Water,Heaters,null,Sugiura,308.0,UPJKNMIDRB
2010-03-23,Water,Pumps,null,Furutani,7594.0,FVDHIZGQRC
2010-03-23,Water,Pumps,null,Funami,14132.0,ZJPMAJIMIT
2010-03-23,Ovens,&,Cooktops,Shimada,1828.0,WVJTPVZKAQ
2010-03-23,Air,Conditioners,null,Yoshikawa,1752.0,NTMMOBBPEE
2010-03-23,Water,Pumps,null,Yoshikawa,2053.0,TLSY3MWMK8
2010-03-23,Vacuum,Cleaners,null,Hayashida,157.0,GCPKFKSEWG
2010-03-23,Air,Conditioners,null,Akaza,1105.0,IVOI4I03JA
2010-03-23,Televisions,null,null,Katayama,83.0,VZAQLWEGXU
2010-03-23,Washers,&,Dryers,Okamoto,707.0,FUFHZH9WRW
2010-03-23,Dishwashers,null,null,Katayama,1456.0,ZWNGQMERMH
2010-03-23,Washers,&,Dryers,Kikuma,1155.0,QFY2WV5LUE
2010-03-23,Water,Heaters,null,Furutani,614.0,PF4KB33DVZ
2010-03-23,Air,Conditioners,null,Funami,797.0,HWQKLKDVSB
2010-03-23,Ovens,&,Cooktops,Sugiura,4121.0,LBABGBBMJJ
2010-03-23,Refrigerators,null,null,Hisami,119.0,MXC7NMNBIW
2010-03-23,Vacuum,Cleaners,null,Funami,417.0,VEWPPXWTWS
2010-03-23,Refrigerators,null,null,Shimada,1401.0,SFCA6H6QNU
2010-03-23,Dishwashers,null,null,Nanase,,AVXSMNNRDX
2010-03-23,Refrigerators,null,null,Omuro,5614.0,FUWHINIXUA
2010-03-23,Rice,Cookers,null,Funami,1977.0,YPD6CTR0JA
2010-03-23,Washers,&,Dryers,Hayashida,310.0,AHJK2FTTBH
2010-03-23,Refrigerators,null,null,Yoshikawa,4863.0,UG2IU3EFWI
2010-03-23,Ovens,&,Cooktops,Akaza,496.0,PHFB77Q5OA
2010-03-23,Ovens,&,Cooktops,Omuro,36241.0,HWTFIGIXOL
2010-03-23,Refrigerators,null,null,Akaza,906.0,XVIOZZOUTN
2010-03-23,Ovens,&,Cooktops,Toshino,3238.0,LFIEXBAPFQ
2010-03-23,Refrigerators,null,null,Funami,830.0,BIBIOOIHA
2010-03-23,Vacuum,Cleaners,null,Toshino,409.0,NHXJMH55UY
2010-03-23,Rice,Cookers,null,Furutani,2426.0,ZJZZJNDFOZ
2010-03-23,Vacuum,Cleaners,null,Akaza,369.0,ZBYVQNRPUP
2010-03-23,Refrigerators,null,null,Nanase,377.0,GQUIAFQIRH
2010-03-23,Televisions,null,null,Okamoto,353.0,HANYALJGGA
2010-03-23,Washers,&,Dryers,Akaza,4080.0,VUQUQMHODG
2010-03-23,Rice,Cookers,null,Ikeda,268.0,JYINACMKHE
2010-03-24,Televisions,null,null,Okamoto,357.0,HANYALJGGA
2010-03-24,Ovens,&,Cooktops,Shimada,1883.0,WVJTPVZKAQ
2010-03-24,Washers,&,Dryers,Kikuma,1204.0,QFY2WV5LUE
2010-03-24,Refrigerators,null,null,Funami,901.0,BIBIOOIHA
2010-03-24,Refrigerators,null,null,Yoshikawa,5138.0,UG2IU3EFWI
2010-03-24,Air,Conditioners,null,Funami,828.0,HWQKLKDVSB
2010-03-24,Ovens,&,Cooktops,Omuro,37010.0,HWTFIGIXOL
2010-03-24,Dishwashers,null,null,Katayama,1463.0,ZWNGQMERMH
2010-03-24,Dishwashers,null,null,Nanase,4324.0,AVXSMNNRDX
2010-03-24,Washers,&,Dryers,Okamoto,697.0,FUFHZH9WRW
2010-03-24,Ovens,&,Cooktops,Ikeda,337.0,ZTEIJGNYNC
2010-03-24,Televisions,null,null,Katayama,80.0,VZAQLWEGXU
2010-03-24,Vacuum,Cleaners,null,Funami,446.0,VEWPPXWTWS
2010-03-24,Vacuum,Cleaners,null,Hisami,569.0,VNZSEQOSNP
2010-03-24,Ovens,&,Cooktops,Toshino,3260.0,LFIEXBAPFQ
2010-03-24,Rice,Cookers,null,Toshino,3900.0,ECQPIOYXZO
2010-03-24,Rice,Cookers,null,Akaza,132.0,KSNN8R2CCO
2010-03-24,Rice,Cookers,null,Furutani,2473.0,ZJZZJNDFOZ
2010-03-24,Ovens,&,Cooktops,Akaza,506.0,PHFB77Q5OA
2010-03-24,Vacuum,Cleaners,null,Toshino,417.0,NHXJMH55UY
2010-03-24,Water,Heaters,null,Sugiura,312.0,UPJKNMIDRB
2010-03-24,Water,Pumps,null,Furutani,7716.0,FVDHIZGQRC
2010-03-24,Rice,Cookers,null,Matsumoto,518.0,TJLYGOSEBQ
2010-03-24,Refrigerators,null,null,Omuro,5701.0,FUWHINIXUA
2010-03-24,Air,Conditioners,null,Toshino,2677.0,RVFWTWSMNU
2010-03-24,Vacuum,Cleaners,null,Hayashida,155.0,GCPKFKSEWG
2010-03-24,Rice,Cookers,null,Funami,1956.0,YPD6CTR0JA
2010-03-24,Washers,&,Dryers,Shimada,419.0,RBRMDIXXGL
2010-03-24,Air,Conditioners,null,Yoshikawa,1753.0,NTMMOBBPEE
2010-03-24,Ovens,&,Cooktops,Sugiura,4276.0,LBABGBBMJJ
2010-03-24,Water,Pumps,null,Yoshikawa,2097.0,TLSY3MWMK8
2010-03-24,Water,Pumps,null,Funami,14182.0,ZJPMAJIMIT
2010-03-24,Dishwashers,null,null,Sugiura,1812.0,KR2Q6QT8PE
2010-03-24,Refrigerators,null,null,Shimada,1405.0,SFCA6H6QNU
2010-03-24,Water,Heaters,null,Furutani,609.0,PF4KB33DVZ
2010-03-24,Refrigerators,null,null,Nanase,382.0,GQUIAFQIRH
2010-03-24,Washers,&,Dryers,Hayashida,315.0,AHJK2FTTBH
2010-03-24,Televisions,null,null,Shimada,133.0,GHOAPVUVYL
2010-03-24,Vacuum,Cleaners,null,Akaza,401.0,ZBYVQNRPUP
2010-03-24,Refrigerators,null,null,Akaza,1030.0,XVIOZZOUTN
2010-03-24,Washers,&,Dryers,Akaza,4167.0,VUQUQMHODG
2010-03-24,Air,Conditioners,null,Akaza,1127.0,IVOI4I03JA
2010-03-24,Rice,Cookers,null,Ikeda,269.0,JYINACMKHE
2010-03-24,Refrigerators,null,null,Hisami,109.0,MXC7NMNBIW
2010-03-25,Rice,Cookers,null,Akaza,139.0,KSNN8R2CCO
2010-03-25,Televisions,null,null,Shimada,135.0,GHOAPVUVYL
2010-03-25,Ovens,&,Cooktops,Ikeda,405.0,ZTEIJGNYNC
2010-03-25,Dishwashers,null,null,Sugiura,1806.0,KR2Q6QT8PE
2010-03-25,Ovens,&,Cooktops,Sugiura,4328.0,LBABGBBMJJ
2010-03-25,Water,Pumps,null,Furutani,7662.0,FVDHIZGQRC
2010-03-25,Refrigerators,null,null,Shimada,1406.0,SFCA6H6QNU
2010-03-25,Televisions,null,null,Katayama,78.0,VZAQLWEGXU
2010-03-25,Air,Conditioners,null,Akaza,1134.0,IVOI4I03JA
2010-03-25,Refrigerators,null,null,Akaza,1051.0,XVIOZZOUTN
2010-03-25,Washers,&,Dryers,Kikuma,1163.0,QFY2WV5LUE
2010-03-25,Vacuum,Cleaners,null,Toshino,430.0,NHXJMH55UY
2010-03-25,Vacuum,Cleaners,null,Funami,441.0,VEWPPXWTWS
2010-03-25,Water,Pumps,null,Yoshikawa,,TLSY3MWMK8
2010-03-25,Refrigerators,null,null,Yoshikawa,5336.0,UG2IU3EFWI
2010-03-25,Vacuum,Cleaners,null,Hisami,567.0,VNZSEQOSNP
2010-03-25,Rice,Cookers,null,Furutani,2491.0,ZJZZJNDFOZ
2010-03-25,Vacuum,Cleaners,null,Hayashida,159.0,GCPKFKSEWG
2010-03-25,Rice,Cookers,null,Matsumoto,516.0,TJLYGOSEBQ
2010-03-25,Rice,Cookers,null,Ikeda,259.0,JYINACMKHE
2010-03-25,Televisions,null,null,Okamoto,359.0,HANYALJGGA
2010-03-25,Water,Heaters,null,Furutani,620.0,PF4KB33DVZ
2010-03-25,Air,Conditioners,null,Yoshikawa,1748.0,NTMMOBBPEE
2010-03-25,Washers,&,Dryers,Okamoto,709.0,FUFHZH9WRW
2010-03-25,Washers,&,Dryers,Akaza,4324.0,VUQUQMHODG
2010-03-25,Dishwashers,null,null,Katayama,1495.0,ZWNGQMERMH
2010-03-25,Washers,&,Dryers,Hayashida,325.0,AHJK2FTTBH
2010-03-25,Air,Conditioners,null,Funami,832.0,HWQKLKDVSB
2010-03-25,Refrigerators,null,null,Nanase,380.0,GQUIAFQIRH
2010-03-25,Rice,Cookers,null,Toshino,3881.0,ECQPIOYXZO
2010-03-25,Refrigerators,null,null,Hisami,103.0,MXC7NMNBIW
2010-03-25,Vacuum,Cleaners,null,Akaza,398.0,ZBYVQNRPUP
2010-03-25,Ovens,&,Cooktops,Shimada,1866.0,WVJTPVZKAQ
2010-03-25,Ovens,&,Cooktops,Toshino,3410.0,LFIEXBAPFQ
2010-03-25,Ovens,&,Cooktops,Akaza,510.0,PHFB77Q5OA
2010-03-25,Water,Pumps,null,Funami,14409.0,ZJPMAJIMIT
2010-03-25,Washers,&,Dryers,Shimada,418.0,RBRMDIXXGL
2010-03-25,Water,Heaters,null,Sugiura,331.0,UPJKNMIDRB
2010-03-25,Ovens,&,Cooktops,Omuro,37241.0,HWTFIGIXOL
2010-03-25,Refrigerators,null,null,Omuro,5770.0,FUWHINIXUA
2010-03-25,Air,Conditioners,null,Toshino,2648.0,RVFWTWSMNU
2010-03-25,Dishwashers,null,null,Nanase,4243.0,AVXSMNNRDX
2010-03-25,Rice,Cookers,null,Funami,1950.0,YPD6CTR0JA
2010-03-25,Refrigerators,null,null,Funami,870.0,BIBIOOIHA
2010-03-26,Refrigerators,null,null,Akaza,1029.0,XVIOZZOUTN
2010-03-26,Dishwashers,null,null,Sugiura,1834.0,KR2Q6QT8PE
2010-03-26,Water,Heaters,null,Furutani,635.0,PF4KB33DVZ
2010-03-26,Water,Pumps,null,Funami,14522.0,ZJPMAJIMIT
2010-03-26,Washers,&,Dryers,Akaza,4297.0,VUQUQMHODG
2010-03-26,Washers,&,Dryers,Okamoto,701.0,FUFHZH9WRW
2010-03-26,Televisions,null,null,Shimada,131.0,GHOAPVUVYL
2010-03-26,Rice,Cookers,null,Furutani,2436.0,ZJZZJNDFOZ
2010-03-26,Televisions,null,null,Katayama,73.0,VZAQLWEGXU
2010-03-26,Air,Conditioners,null,Funami,837.0,HWQKLKDVSB
2010-03-26,Rice,Cookers,null,Toshino,3916.0,ECQPIOYXZO
2010-03-26,Refrigerators,null,null,Funami,889.0,BIBIOOIHA
2010-03-26,Rice,Cookers,null,Akaza,,KSNN8R2CCO
2010-03-26,Washers,&,Dryers,Shimada,417.0,RBRMDIXXGL
2010-03-26,Ovens,&,Cooktops,Ikeda,476.0,ZTEIJGNYNC
2010-03-26,Vacuum,Cleaners,null,Akaza,398.0,ZBYVQNRPUP
2010-03-26,Air,Conditioners,null,Toshino,2660.0,RVFWTWSMNU
2010-03-26,Ovens,&,Cooktops,Shimada,1869.0,WVJTPVZKAQ
2010-03-26,Vacuum,Cleaners,null,Toshino,461.0,NHXJMH55UY
2010-03-26,Ovens,&,Cooktops,Toshino,3556.0,LFIEXBAPFQ
2010-03-26,Refrigerators,null,null,Shimada,1389.0,SFCA6H6QNU
2010-03-26,Ovens,&,Cooktops,Sugiura,4326.0,LBABGBBMJJ
2010-03-26,Vacuum,Cleaners,null,Hayashida,152.0,GCPKFKSEWG
2010-03-26,Ovens,&,Cooktops,Akaza,514.0,PHFB77Q5OA
2010-03-26,Dishwashers,null,null,Katayama,1530.0,ZWNGQMERMH
2010-03-26,Air,Conditioners,null,Akaza,1202.0,IVOI4I03JA
2010-03-26,Water,Heaters,null,Sugiura,332.0,UPJKNMIDRB
2010-03-26,Rice,Cookers,null,Matsumoto,547.0,TJLYGOSEBQ
2010-03-26,Ovens,&,Cooktops,Omuro,38479.0,HWTFIGIXOL
2010-03-26,Refrigerators,null,null,Hisami,118.0,MXC7NMNBIW
2010-03-26,Vacuum,Cleaners,null,Funami,438.0,VEWPPXWTWS
2010-03-26,Dishwashers,null,null,Nanase,4421.0,AVXSMNNRDX
2010-03-26,Refrigerators,null,null,Omuro,5774.0,FUWHINIXUA
2010-03-26,Rice,Cookers,null,Funami,1960.0,YPD6CTR0JA
2010-03-26,Water,Pumps,null,Furutani,7557.0,FVDHIZGQRC
2010-03-26,Refrigerators,null,null,Yoshikawa,5381.0,UG2IU3EFWI
2010-03-26,Televisions,null,null,Okamoto,,HANYALJGGA
2010-03-26,Washers,&,Dryers,Hayashida,344.0,AHJK2FTTBH
2010-03-26,Water,Pumps,null,Yoshikawa,2120.0,TLSY3MWMK8
2010-03-26,Vacuum,Cleaners,null,Hisami,568.0,VNZSEQOSNP
2010-03-26,Air,Conditioners,null,Yoshikawa,1765.0,NTMMOBBPEE
2010-03-26,Washers,&,Dryers,Kikuma,1167.0,QFY2WV5LUE
2010-03-26,Refrigerators,null,null,Nanase,376.0,GQUIAFQIRH
2010-03-26,Rice,Cookers,null,Ikeda,264.0,JYINACMKHE
2010-03-29,Water,Pumps,null,Yoshikawa,2091.0,TLSY3MWMK8
2010-03-29,Water,Heaters,null,Furutani,634.0,PF4KB33DVZ
2010-03-29,Air,Conditioners,null,Akaza,1220.0,IVOI4I03JA
2010-03-29,Refrigerators,null,null,Nanase,372.0,GQUIAFQIRH
2010-03-29,Water,Pumps,null,Funami,14409.0,ZJPMAJIMIT
2010-03-29,Vacuum,Cleaners,null,Hayashida,150.0,GCPKFKSEWG
2010-03-29,Washers,&,Dryers,Hayashida,341.0,AHJK2FTTBH
2010-03-29,Vacuum,Cleaners,null,Akaza,419.0,ZBYVQNRPUP
2010-03-29,Televisions,null,null,Shimada,135.0,GHOAPVUVYL
2010-03-29,Vacuum,Cleaners,null,Toshino,453.0,NHXJMH55UY
2010-03-29,Washers,&,Dryers,Okamoto,713.0,FUFHZH9WRW
2010-03-29,Refrigerators,null,null,Hisami,120.0,MXC7NMNBIW
2010-03-29,Ovens,&,Cooktops,Akaza,494.0,PHFB77Q5OA
2010-03-29,Rice,Cookers,null,Furutani,2408.0,ZJZZJNDFOZ
2010-03-29,Water,Pumps,null,Furutani,7568.0,FVDHIZGQRC
2010-03-29,Ovens,&,Cooktops,Ikeda,478.0,ZTEIJGNYNC
2010-03-29,Rice,Cookers,null,Akaza,134.0,KSNN8R2CCO
2010-03-29,Vacuum,Cleaners,null,Hisami,573.0,VNZSEQOSNP
2010-03-29,Rice,Cookers,null,Ikeda,262.0,JYINACMKHE
2010-03-29,Washers,&,Dryers,Akaza,4258.0,VUQUQMHODG
2010-03-29,Rice,Cookers,null,Funami,1903.0,YPD6CTR0JA
2010-03-29,Air,Conditioners,null,Yoshikawa,1779.0,NTMMOBBPEE
2010-03-29,Dishwashers,null,null,Nanase,4701.0,AVXSMNNRDX
2010-03-29,Refrigerators,null,null,Omuro,,FUWHINIXUA
2010-03-29,Water,Heaters,null,Sugiura,335.0,UPJKNMIDRB
2010-03-29,Washers,&,Dryers,Shimada,426.0,RBRMDIXXGL
2010-03-29,Televisions,null,null,Katayama,70.0,VZAQLWEGXU
2010-03-29,Ovens,&,Cooktops,Sugiura,4227.0,LBABGBBMJJ
2010-03-29,Ovens,&,Cooktops,Toshino,3479.0,LFIEXBAPFQ
2010-03-29,Rice,Cookers,null,Toshino,3870.0,ECQPIOYXZO
2010-03-29,Vacuum,Cleaners,null,Funami,430.0,VEWPPXWTWS
2010-03-29,Ovens,&,Cooktops,Shimada,1899.0,WVJTPVZKAQ
2010-03-29,Rice,Cookers,null,Matsumoto,554.0,TJLYGOSEBQ
2010-03-29,Air,Conditioners,null,Funami,829.0,HWQKLKDVSB
2010-03-29,Air,Conditioners,null,Toshino,2639.0,RVFWTWSMNU
2010-03-29,Washers,&,Dryers,Kikuma,1160.0,QFY2WV5LUE
2010-03-29,Refrigerators,null,null,Yoshikawa,5350.0,UG2IU3EFWI
2010-03-29,Televisions,null,null,Okamoto,370.0,HANYALJGGA
2010-03-29,Ovens,&,Cooktops,Omuro,38612.0,HWTFIGIXOL
2010-03-29,Dishwashers,null,null,Katayama,1583.0,ZWNGQMERMH
2010-03-29,Dishwashers,null,null,Sugiura,1943.0,KR2Q6QT8PE
2010-03-29,Refrigerators,null,null,Akaza,1036.0,XVIOZZOUTN
2010-03-29,Refrigerators,null,null,Funami,869.0,BIBIOOIHA
2010-03-29,Refrigerators,null,null,Shimada,1394.0,SFCA6H6QNU
2010-03-30,Washers,&,Dryers,Okamoto,824.0,FUFHZH9WRW
2010-03-30,Vacuum,Cleaners,null,Akaza,427.0,ZBYVQNRPUP
2010-03-30,Refrigerators,null,null,Omuro,5546.0,FUWHINIXUA
2010-03-30,Vacuum,Cleaners,null,Funami,,VEWPPXWTWS
2010-03-30,Ovens,&,Cooktops,Omuro,38925.0,HWTFIGIXOL
2010-03-30,Refrigerators,null,null,Shimada,1207.0,SFCA6H6QNU
2010-03-30,Water,Heaters,null,Sugiura,329.0,UPJKNMIDRB
2010-03-30,Refrigerators,null,null,Hisami,115.0,MXC7NMNBIW
2010-03-30,Refrigerators,null,null,Funami,878.0,BIBIOOIHA
2010-03-30,Refrigerators,null,null,Yoshikawa,5296.0,UG2IU3EFWI
2010-03-30,Air,Conditioners,null,Funami,817.0,HWQKLKDVSB
2010-03-30,Water,Pumps,null,Furutani,7455.0,FVDHIZGQRC
2010-03-30,Air,Conditioners,null,Yoshikawa,1765.0,NTMMOBBPEE
2010-03-30,Dishwashers,null,null,Katayama,1619.0,ZWNGQMERMH
2010-03-30,Televisions,null,null,Katayama,69.0,VZAQLWEGXU
2010-03-30,Rice,Cookers,null,Furutani,2452.0,ZJZZJNDFOZ
2010-03-30,Televisions,null,null,Okamoto,370.0,HANYALJGGA
2010-03-30,Ovens,&,Cooktops,Akaza,501.0,PHFB77Q5OA
2010-03-30,Ovens,&,Cooktops,Toshino,3436.0,LFIEXBAPFQ
2010-03-30,Ovens,&,Cooktops,Shimada,1907.0,WVJTPVZKAQ
2010-03-30,Ovens,&,Cooktops,Sugiura,4167.0,LBABGBBMJJ
2010-03-30,Washers,&,Dryers,Shimada,423.0,RBRMDIXXGL
2010-03-30,Dishwashers,null,null,Sugiura,1970.0,KR2Q6QT8PE
2010-03-30,Televisions,null,null,Shimada,134.0,GHOAPVUVYL
2010-03-30,Rice,Cookers,null,Matsumoto,558.0,TJLYGOSEBQ
2010-03-30,Vacuum,Cleaners,null,Hisami,570.0,VNZSEQOSNP
2010-03-30,Vacuum,Cleaners,null,Hayashida,155.0,GCPKFKSEWG
2010-03-30,Water,Pumps,null,Funami,14319.0,ZJPMAJIMIT
2010-03-30,Rice,Cookers,null,Akaza,132.0,KSNN8R2CCO
2010-03-30,Refrigerators,null,null,Akaza,1002.0,XVIOZZOUTN
2010-03-30,Water,Pumps,null,Yoshikawa,2079.0,TLSY3MWMK8
2010-03-30,Ovens,&,Cooktops,Ikeda,465.0,ZTEIJGNYNC
2010-03-30,Rice,Cookers,null,Ikeda,269.0,JYINACMKHE
2010-03-30,Washers,&,Dryers,Akaza,4215.0,VUQUQMHODG
2010-03-30,Air,Conditioners,null,Toshino,2685.0,RVFWTWSMNU
2010-03-30,Rice,Cookers,null,Funami,1925.0,YPD6CTR0JA
2010-03-30,Vacuum,Cleaners,null,Toshino,465.0,NHXJMH55UY
2010-03-30,Refrigerators,null,null,Nanase,378.0,GQUIAFQIRH
2010-03-30,Rice,Cookers,null,Toshino,3845.0,ECQPIOYXZO
2010-03-30,Air,Conditioners,null,Akaza,1249.0,IVOI4I03JA
2010-03-30,Water,Heaters,null,Furutani,633.0,PF4KB33DVZ
2010-03-30,Washers,&,Dryers,Kikuma,1219.0,QFY2WV5LUE
2010-03-30,Washers,&,Dryers,Hayashida,337.0,AHJK2FTTBH
2010-03-30,Dishwashers,null,null,Nanase,4624.0,AVXSMNNRDX
2010-03-31,Refrigerators,null,null,Yoshikawa,5055.0,UG2IU3EFWI
2010-03-31,Water,Pumps,null,Furutani,7323.0,FVDHIZGQRC
2010-03-31,Washers,&,Dryers,Kikuma,1274.0,QFY2WV5LUE
2010-03-31,Vacuum,Cleaners,null,Hisami,,VNZSEQOSNP
2010-03-31,Ovens,&,Cooktops,Akaza,499.0,PHFB77Q5OA
2010-03-31,Dishwashers,null,null,Katayama,1606.0,ZWNGQMERMH
2010-03-31,Rice,Cookers,null,Akaza,137.0,KSNN8R2CCO
2010-03-31,Vacuum,Cleaners,null,Funami,416.0,VEWPPXWTWS
2010-03-31,Dishwashers,null,null,Nanase,4717.0,AVXSMNNRDX
2010-03-31,Rice,Cookers,null,Ikeda,268.0,JYINACMKHE
2010-03-31,Ovens,&,Cooktops,Ikeda,472.0,ZTEIJGNYNC
2010-03-31,Washers,&,Dryers,Shimada,422.0,RBRMDIXXGL
2010-03-31,Washers,&,Dryers,Akaza,4177.0,VUQUQMHODG
2010-03-31,Dishwashers,null,null,Sugiura,2024.0,KR2Q6QT8PE
2010-03-31,Refrigerators,null,null,Omuro,5521.0,FUWHINIXUA
2010-03-31,Rice,Cookers,null,Funami,1912.0,YPD6CTR0JA
2010-03-31,Water,Heaters,null,Sugiura,319.0,UPJKNMIDRB
2010-03-31,Ovens,&,Cooktops,Omuro,38037.0,HWTFIGIXOL
2010-03-31,Televisions,null,null,Katayama,76.0,VZAQLWEGXU
2010-03-31,Rice,Cookers,null,Toshino,3773.0,ECQPIOYXZO
2010-03-31,Televisions,null,null,Shimada,130.0,GHOAPVUVYL
2010-03-31,Televisions,null,null,Okamoto,366.0,HANYALJGGA
2010-03-31,Water,Heaters,null,Furutani,617.0,PF4KB33DVZ
2010-03-31,Refrigerators,null,null,Hisami,113.0,MXC7NMNBIW
2010-03-31,Refrigerators,null,null,Funami,873.0,BIBIOOIHA
2010-03-31,Vacuum,Cleaners,null,Akaza,418.0,ZBYVQNRPUP
2010-03-31,Rice,Cookers,null,Matsumoto,569.0,TJLYGOSEBQ
2010-03-31,Refrigerators,null,null,Shimada,1136.0,SFCA6H6QNU
2010-03-31,Air,Conditioners,null,Akaza,1279.0,IVOI4I03JA
2010-03-31,Refrigerators,null,null,Akaza,1028.0,XVIOZZOUTN
2010-03-31,Refrigerators,null,null,Nanase,370.0,GQUIAFQIRH
2010-03-31,Air,Conditioners,null,Funami,834.0,HWQKLKDVSB
2010-03-31,Air,Conditioners,null,Yoshikawa,1764.0,NTMMOBBPEE
2010-03-31,Water,Pumps,null,Yoshikawa,2065.0,TLSY3MWMK8
2010-03-31,Washers,&,Dryers,Okamoto,791.0,FUFHZH9WRW
2010-03-31,Washers,&,Dryers,Hayashida,332.0,AHJK2FTTBH
2010-03-31,Rice,Cookers,null,Furutani,2454.0,ZJZZJNDFOZ
2010-03-31,Ovens,&,Cooktops,Shimada,1960.0,WVJTPVZKAQ
2010-03-31,Vacuum,Cleaners,null,Hayashida,146.0,GCPKFKSEWG
2010-03-31,Ovens,&,Cooktops,Sugiura,4257.0,LBABGBBMJJ
2010-03-31,Ovens,&,Cooktops,Toshino,3483.0,LFIEXBAPFQ
2010-03-31,Air,Conditioners,null,Toshino,2606.0,RVFWTWSMNU
2010-03-31,Vacuum,Cleaners,null,Toshino,450.0,NHXJMH55UY
2010-03-31,Water,Pumps,null,Funami,14243.0,ZJPMAJIMIT
